log_time,State,wgSpeed,flowSpeed,flowDir,heading,exceptCourse,rudderAngle,windSpeed,depth
2026-04-21 22:24:24,-,-,-,-,-,-,-,-,-
2026-04-21 22:24:24,-,0,0.0,0.0,60,0,0.0,0.0,0.0
2026-04-21 22:24:24,-,-,-,-,-,-,-,-,-
2026-04-21 22:24:24,-,0,0.0,0.0,60,0,0.0,0.0,0.0
2026-04-21 22:24:25,-,-,-,-,-,-,-,-,-
2026-04-21 22:24:25,-,0,0.0,0.0,60,0,0.0,0.0,0.0
2026-04-21 22:24:25,-,-,-,-,-,-,-,-,-
2026-04-21 22:24:25,-,0,0.0,0.0,60,0,0.0,0.0,0.0
2026-04-21 22:24:26,-,-,-,-,-,-,-,-,-
2026-04-21 22:24:26,-,0,0.0,0.0,60,0,0.0,0.0,0.0
2026-04-21 22:24:26,-,-,-,-,-,-,-,-,-
2026-04-21 22:24:26,-,0,0.0,0.0,60,0,0.0,0.0,0.0
2026-04-21 22:24:27,-,-,-,-,-,-,-,-,-
2026-04-21 22:24:27,-,0,0.0,0.0,60,0,0.0,0.0,0.0
2026-04-21 22:24:27,-,-,-,-,-,-,-,-,-
2026-04-21 22:24:27,-,0,0.0,0.0,60,0,0.0,0.0,0.0
2026-04-21 22:24:28,-,-,-,-,-,-,-,-,-
2026-04-21 22:24:28,-,0,0.0,0.0,60,0,0.0,0.0,0.0
2026-04-21 22:24:28,-,-,-,-,-,-,-,-,-
2026-04-21 22:24:28,-,0,0.0,0.0,60,0,0.0,0.0,0.0
2026-04-21 22:24:29,-,-,-,-,-,-,-,-,-
2026-04-21 22:24:29,-,0,0.0,0.0,60,0,0.0,0.0,0.0
2026-04-21 22:24:29,-,-,-,-,-,-,-,-,-
2026-04-21 22:24:29,-,0,0.0,0.0,60,0,0.0,0.0,0.0
2026-04-21 22:24:30,-,-,-,-,-,-,-,-,-
2026-04-21 22:24:30,-,0,0.0,0.0,60,0,0.0,0.0,0.0
2026-04-21 22:24:30,-,-,-,-,-,-,-,-,-
2026-04-21 22:24:30,-,0,0.0,0.0,60,0,0.0,0.0,0.0
2026-04-21 22:24:31,-,-,-,-,-,-,-,-,-
2026-04-21 22:24:31,-,0,0.0,0.0,60,0,0.0,0.0,0.0
2026-04-21 22:24:31,-,-,-,-,-,-,-,-,-
2026-04-21 22:24:31,-,0,0.0,0.0,60,0,0.0,0.0,0.0
2026-04-21 22:24:32,-,-,-,-,-,-,-,-,-
2026-04-21 22:24:32,-,0,0.0,0.0,60,0,0.0,0.0,0.0
2026-04-21 22:24:32,-,-,-,-,-,-,-,-,-
2026-04-21 22:24:32,-,0,0.0,0.0,60,0,0.0,0.0,0.0
2026-04-21 22:24:33,-,-,-,-,-,-,-,-,-
2026-04-21 22:24:33,-,0,0.0,0.0,60,0,0.0,0.0,0.0
2026-04-21 22:24:33,-,-,-,-,-,-,-,-,-
2026-04-21 22:24:33,-,0,0.0,0.0,60,0,0.0,0.0,0.0
2026-04-21 22:24:34,-,-,-,-,-,-,-,-,-
2026-04-21 22:24:34,-,0,0.0,0.0,60,0,0.0,0.0,0.0
2026-04-21 22:24:34,-,-,-,-,-,-,-,-,-
2026-04-21 22:24:34,-,0,0.0,0.0,60,0,0.0,0.0,0.0
2026-04-21 22:24:35,-,-,-,-,-,-,-,-,-
2026-04-21 22:24:35,-,0,0.0,0.0,60,0,0.0,0.0,0.0
2026-04-21 22:24:35,-,-,-,-,-,-,-,-,-
2026-04-21 22:24:35,-,0,0.0,0.0,60,0,0.0,0.0,0.0
2026-04-21 22:24:36,-,-,-,-,-,-,-,-,-
2026-04-21 22:24:36,-,0,0.0,0.0,60,0,0.0,0.0,0.0
2026-04-21 22:24:36,-,-,-,-,-,-,-,-,-
2026-04-21 22:24:36,-,0,0.0,0.0,60,0,0.0,0.0,0.0
2026-04-21 22:24:37,-,-,-,-,-,-,-,-,-
2026-04-21 22:24:37,-,0,0.0,0.0,60,0,0.0,0.0,0.0
2026-04-21 22:24:37,-,-,-,-,-,-,-,-,-
2026-04-21 22:24:37,-,0,0.0,0.0,60,0,0.0,0.0,0.0
2026-04-21 22:24:38,-,-,-,-,-,-,-,-,-
2026-04-21 22:24:38,-,0,0.0,0.0,60,0,0.0,0.0,0.0
2026-04-21 22:24:38,-,-,-,-,-,-,-,-,-
2026-04-21 22:24:38,-,0,0.0,0.0,60,0,0.0,0.0,0.0
2026-04-21 22:24:39,-,-,-,-,-,-,-,-,-
2026-04-21 22:24:39,-,0,0.0,0.0,60,0,0.0,0.0,0.0
2026-04-21 22:24:39,-,-,-,-,-,-,-,-,-
2026-04-21 22:24:39,-,0,0.0,0.0,60,0,0.0,0.0,0.0
2026-04-21 22:24:40,-,-,-,-,-,-,-,-,-
2026-04-21 22:24:40,-,0,0.0,0.0,60,0,0.0,0.0,0.0
2026-04-21 22:24:40,-,-,-,-,-,-,-,-,-
2026-04-21 22:24:40,-,0,0.0,0.0,60,0,0.0,0.0,0.0
2026-04-21 22:24:41,-,-,-,-,-,-,-,-,-
2026-04-21 22:24:41,-,0,0.0,0.0,60,0,0.0,0.0,0.0
2026-04-21 22:24:41,-,-,-,-,-,-,-,-,-
2026-04-21 22:24:41,-,0,0.0,0.0,60,0,0.0,0.0,0.0
2026-04-21 22:24:42,-,-,-,-,-,-,-,-,-
2026-04-21 22:24:42,-,0,0.0,0.0,60,0,0.0,0.0,0.0
2026-04-21 22:24:42,-,-,-,-,-,-,-,-,-
2026-04-21 22:24:42,-,0,0.0,0.0,60,0,0.0,0.0,0.0
2026-04-21 22:24:43,-,-,-,-,-,-,-,-,-
2026-04-21 22:24:43,-,0,0.0,0.0,60,0,0.0,0.0,0.0
2026-04-21 22:24:43,-,-,-,-,-,-,-,-,-
2026-04-21 22:24:43,-,0,0.0,0.0,60,0,0.0,0.0,0.0
2026-04-21 22:24:44,-,-,-,-,-,-,-,-,-
2026-04-21 22:24:44,-,0,0.0,0.0,60,0,0.0,0.0,0.0
2026-04-21 22:24:44,-,-,-,-,-,-,-,-,-
2026-04-21 22:24:44,-,0,0.0,0.0,60,0,0.0,0.0,0.0
2026-04-21 22:24:45,-,-,-,-,-,-,-,-,-
2026-04-21 22:24:45,-,0,0.0,0.0,60,0,0.0,0.0,0.0
2026-04-21 22:24:45,-,-,-,-,-,-,-,-,-
2026-04-21 22:24:45,-,0,0.0,0.0,60,0,0.0,0.0,0.0
2026-04-21 22:24:46,-,-,-,-,-,-,-,-,-
2026-04-21 22:24:46,-,0,0.0,0.0,60,0,0.0,0.0,0.0
2026-04-21 22:24:46,-,-,-,-,-,-,-,-,-
2026-04-21 22:24:46,-,0,0.0,0.0,60,0,0.0,0.0,0.0
2026-04-21 22:24:47,-,-,-,-,-,-,-,-,-
2026-04-21 22:24:47,-,0,0.0,0.0,60,0,0.0,0.0,0.0
2026-04-21 22:24:47,-,-,-,-,-,-,-,-,-
2026-04-21 22:24:47,-,0,0.0,0.0,60,0,0.0,0.0,0.0
2026-04-21 22:24:48,-,-,-,-,-,-,-,-,-
2026-04-21 22:24:48,-,0,0.0,0.0,60,0,0.0,0.0,0.0
2026-04-21 22:24:49,-,-,-,-,-,-,-,-,-
2026-04-21 22:24:49,-,0,0.0,0.0,60,0,0.0,0.0,0.0
2026-04-21 22:24:49,-,-,-,-,-,-,-,-,-
2026-04-21 22:24:49,-,0,0.0,0.0,60,0,0.0,0.0,0.0
2026-04-21 22:24:50,-,-,-,-,-,-,-,-,-
2026-04-21 22:24:50,-,0,0.0,0.0,60,0,0.0,0.0,0.0
2026-04-21 22:24:50,-,-,-,-,-,-,-,-,-
2026-04-21 22:24:50,-,0,0.0,0.0,60,0,0.0,0.0,0.0
2026-04-21 22:24:51,-,-,-,-,-,-,-,-,-
2026-04-21 22:24:51,-,0,0.0,0.0,60,0,0.0,0.0,0.0
2026-04-21 22:24:51,-,-,-,-,-,-,-,-,-
2026-04-21 22:24:51,-,0,0.0,0.0,60,0,0.0,0.0,0.0
2026-04-21 22:24:52,-,-,-,-,-,-,-,-,-
2026-04-21 22:24:52,-,0,0.0,0.0,60,0,0.0,0.0,0.0
2026-04-21 22:24:52,-,-,-,-,-,-,-,-,-
2026-04-21 22:24:52,-,0,0.0,0.0,60,0,0.0,0.0,0.0
2026-04-21 22:24:53,-,-,-,-,-,-,-,-,-
2026-04-21 22:24:53,-,0,0.0,0.0,60,0,0.0,0.0,0.0
2026-04-21 22:24:53,-,-,-,-,-,-,-,-,-
2026-04-21 22:24:53,-,0,0.0,0.0,60,0,0.0,0.0,0.0
2026-04-21 22:24:54,-,-,-,-,-,-,-,-,-
2026-04-21 22:24:54,-,0,0.0,0.0,60,0,0.0,0.0,0.0
2026-04-21 22:24:54,-,-,-,-,-,-,-,-,-
2026-04-21 22:24:54,-,0,0.0,0.0,60,0,0.0,0.0,0.0
2026-04-21 22:24:55,-,-,-,-,-,-,-,-,-
2026-04-21 22:24:55,-,0,0.0,0.0,60,0,0.0,0.0,0.0
2026-04-21 22:24:55,-,-,-,-,-,-,-,-,-
2026-04-21 22:24:55,-,0,0.0,0.0,60,0,0.0,0.0,0.0
2026-04-21 22:24:56,-,-,-,-,-,-,-,-,-
2026-04-21 22:24:56,-,0,0.0,0.0,60,0,0.0,0.0,0.0
2026-04-21 22:24:56,-,-,-,-,-,-,-,-,-
2026-04-21 22:24:56,-,0,0.0,0.0,60,0,0.0,0.0,0.0
2026-04-21 22:24:57,-,-,-,-,-,-,-,-,-
2026-04-21 22:24:57,-,0,0.0,0.0,60,0,0.0,0.0,0.0
2026-04-21 22:24:57,-,-,-,-,-,-,-,-,-
2026-04-21 22:24:57,-,0,0.0,0.0,60,0,0.0,0.0,0.0
2026-04-21 22:24:58,-,-,-,-,-,-,-,-,-
2026-04-21 22:24:58,-,0,0.0,0.0,60,0,0.0,0.0,0.0
2026-04-21 22:24:58,-,-,-,-,-,-,-,-,-
2026-04-21 22:24:58,-,0,0.0,0.0,60,0,0.0,0.0,0.0
2026-04-21 22:24:59,-,-,-,-,-,-,-,-,-
2026-04-21 22:24:59,-,0,0.0,0.0,60,0,0.0,0.0,0.0
2026-04-21 22:24:59,-,-,-,-,-,-,-,-,-
2026-04-21 22:24:59,-,0,0.0,0.0,60,0,0.0,0.0,0.0
2026-04-21 22:25:00,-,-,-,-,-,-,-,-,-
2026-04-21 22:25:00,-,0,0.0,0.0,60,0,0.0,0.0,0.0
2026-04-21 22:25:00,-,-,-,-,-,-,-,-,-
2026-04-21 22:25:00,-,0,0.0,0.0,60,0,0.0,0.0,0.0
2026-04-21 22:25:01,-,-,-,-,-,-,-,-,-
2026-04-21 22:25:01,-,0,0.0,0.0,60,0,0.0,0.0,0.0
2026-04-21 22:25:01,-,-,-,-,-,-,-,-,-
2026-04-21 22:25:01,-,0,0.0,0.0,60,0,0.0,0.0,0.0
2026-04-21 22:25:02,-,-,-,-,-,-,-,-,-
2026-04-21 22:25:02,-,0,0.0,0.0,60,0,0.0,0.0,0.0
2026-04-21 22:25:02,-,-,-,-,-,-,-,-,-
2026-04-21 22:25:02,-,0,0.0,0.0,60,0,0.0,0.0,0.0
2026-04-21 22:25:03,-,-,-,-,-,-,-,-,-
2026-04-21 22:25:03,-,0,0.0,0.0,60,0,0.0,0.0,0.0
2026-04-21 22:25:03,-,-,-,-,-,-,-,-,-
2026-04-21 22:25:03,-,0,0.0,0.0,60,0,0.0,0.0,0.0
2026-04-21 22:25:04,-,-,-,-,-,-,-,-,-
2026-04-21 22:25:04,-,0,0.0,0.0,60,0,0.0,0.0,0.0
2026-04-21 22:25:04,-,-,-,-,-,-,-,-,-
2026-04-21 22:25:04,-,0,0.0,0.0,60,0,0.0,0.0,0.0
2026-04-21 22:25:05,-,-,-,-,-,-,-,-,-
2026-04-21 22:25:05,-,0,0.0,0.0,60,0,0.0,0.0,0.0
2026-04-21 22:25:05,-,-,-,-,-,-,-,-,-
2026-04-21 22:25:05,-,0,0.0,0.0,60,0,0.0,0.0,0.0
2026-04-21 22:25:06,-,-,-,-,-,-,-,-,-
2026-04-21 22:25:06,-,0,0.0,0.0,60,0,0.0,0.0,0.0
2026-04-21 22:25:06,-,-,-,-,-,-,-,-,-
2026-04-21 22:25:06,-,0,0.0,0.0,60,0,0.0,0.0,0.0
2026-04-21 22:25:07,-,-,-,-,-,-,-,-,-
2026-04-21 22:25:07,-,0,0.0,0.0,60,0,0.0,0.0,0.0
2026-04-21 22:25:07,-,-,-,-,-,-,-,-,-
2026-04-21 22:25:07,-,0,0.0,0.0,60,0,0.0,0.0,0.0
2026-04-21 22:25:08,-,-,-,-,-,-,-,-,-
2026-04-21 22:25:08,-,0,0.0,0.0,60,0,0.0,0.0,0.0
2026-04-21 22:25:08,-,-,-,-,-,-,-,-,-
2026-04-21 22:25:08,-,0,0.0,0.0,60,0,0.0,0.0,0.0
2026-04-21 22:25:09,-,-,-,-,-,-,-,-,-
2026-04-21 22:25:09,-,0,0.0,0.0,60,0,0.0,0.0,0.0
2026-04-21 22:25:09,-,-,-,-,-,-,-,-,-
2026-04-21 22:25:09,-,0,0.0,0.0,60,0,0.0,0.0,0.0
2026-04-21 22:25:10,-,-,-,-,-,-,-,-,-
2026-04-21 22:25:10,-,0,0.0,0.0,60,0,0.0,0.0,0.0
2026-04-21 22:25:10,-,-,-,-,-,-,-,-,-
2026-04-21 22:25:10,-,0,0.0,0.0,60,0,0.0,0.0,0.0
2026-04-21 22:25:11,-,-,-,-,-,-,-,-,-
2026-04-21 22:25:11,-,0,0.0,0.0,60,0,0.0,0.0,0.0
2026-04-21 22:25:11,-,-,-,-,-,-,-,-,-
2026-04-21 22:25:11,-,0,0.0,0.0,60,0,0.0,0.0,0.0
2026-04-21 22:25:12,-,-,-,-,-,-,-,-,-
2026-04-21 22:25:12,-,0,0.0,0.0,60,0,0.0,0.0,0.0
2026-04-21 22:25:12,-,-,-,-,-,-,-,-,-
2026-04-21 22:25:12,-,0,0.0,0.0,60,0,0.0,0.0,0.0
2026-04-21 22:25:13,-,-,-,-,-,-,-,-,-
2026-04-21 22:25:13,-,0,0.0,0.0,60,0,0.0,0.0,0.0
2026-04-21 22:25:13,-,-,-,-,-,-,-,-,-
2026-04-21 22:25:13,-,0,0.0,0.0,60,0,0.0,0.0,0.0
2026-04-21 22:25:14,-,-,-,-,-,-,-,-,-
2026-04-21 22:25:14,-,0,0.0,0.0,60,0,0.0,0.0,0.0
2026-04-21 22:25:14,-,-,-,-,-,-,-,-,-
2026-04-21 22:25:14,-,0,0.0,0.0,60,0,0.0,0.0,0.0
2026-04-21 22:25:15,-,-,-,-,-,-,-,-,-
2026-04-21 22:25:15,-,0,0.0,0.0,60,0,0.0,0.0,0.0
2026-04-21 22:25:15,-,-,-,-,-,-,-,-,-
2026-04-21 22:25:15,-,0,0.0,0.0,60,0,0.0,0.0,0.0
2026-04-21 22:25:16,-,-,-,-,-,-,-,-,-
2026-04-21 22:25:16,-,0,0.0,0.0,60,0,0.0,0.0,0.0
2026-04-21 22:25:16,-,-,-,-,-,-,-,-,-
2026-04-21 22:25:16,-,0,0.0,0.0,60,0,0.0,0.0,0.0
2026-04-21 22:25:17,-,-,-,-,-,-,-,-,-
2026-04-21 22:25:17,-,0,0.0,0.0,60,0,0.0,0.0,0.0
2026-04-21 22:25:17,-,-,-,-,-,-,-,-,-
2026-04-21 22:25:17,-,0,0.0,0.0,60,0,0.0,0.0,0.0
2026-04-21 22:25:18,-,-,-,-,-,-,-,-,-
2026-04-21 22:25:18,-,0,0.0,0.0,60,0,0.0,0.0,0.0
2026-04-21 22:25:18,-,-,-,-,-,-,-,-,-
2026-04-21 22:25:18,-,0,0.0,0.0,60,0,0.0,0.0,0.0
2026-04-21 22:25:19,-,-,-,-,-,-,-,-,-
2026-04-21 22:25:19,-,0,0.0,0.0,60,0,0.0,0.0,0.0
2026-04-21 22:25:19,-,-,-,-,-,-,-,-,-
2026-04-21 22:25:19,-,0,0.0,0.0,60,0,0.0,0.0,0.0
2026-04-21 22:25:20,-,-,-,-,-,-,-,-,-
2026-04-21 22:25:20,-,0,0.0,0.0,60,0,0.0,0.0,0.0
2026-04-21 22:25:20,-,-,-,-,-,-,-,-,-
2026-04-21 22:25:20,-,0,0.0,0.0,60,0,0.0,0.0,0.0
2026-04-21 22:25:21,-,-,-,-,-,-,-,-,-
2026-04-21 22:25:21,-,0,0.0,0.0,60,0,0.0,0.0,0.0
2026-04-21 22:25:21,-,-,-,-,-,-,-,-,-
2026-04-21 22:25:21,-,0,0.0,0.0,60,0,0.0,0.0,0.0
2026-04-21 22:25:22,-,-,-,-,-,-,-,-,-
2026-04-21 22:25:22,-,0,0.0,0.0,60,0,0.0,0.0,0.0
2026-04-21 22:25:22,-,-,-,-,-,-,-,-,-
2026-04-21 22:25:22,-,0,0.0,0.0,60,0,0.0,0.0,0.0
2026-04-21 22:25:23,-,-,-,-,-,-,-,-,-
2026-04-21 22:25:23,-,0,0.0,0.0,60,0,0.0,0.0,0.0
2026-04-21 22:25:23,-,-,-,-,-,-,-,-,-
2026-04-21 22:25:23,-,0,0.0,0.0,60,0,0.0,0.0,0.0
2026-04-21 22:25:24,-,-,-,-,-,-,-,-,-
2026-04-21 22:25:24,-,0,0.0,0.0,60,0,0.0,0.0,0.0
2026-04-21 22:25:24,-,-,-,-,-,-,-,-,-
2026-04-21 22:25:24,-,0,0.0,0.0,60,0,0.0,0.0,0.0
2026-04-21 22:25:25,-,-,-,-,-,-,-,-,-
2026-04-21 22:25:25,-,0,0.0,0.0,60,0,0.0,0.0,0.0
2026-04-21 22:25:25,-,-,-,-,-,-,-,-,-
2026-04-21 22:25:25,-,0,0.0,0.0,60,0,0.0,0.0,0.0
2026-04-21 22:25:26,-,-,-,-,-,-,-,-,-
2026-04-21 22:25:26,-,0,0.0,0.0,60,0,0.0,0.0,0.0
2026-04-21 22:25:26,-,-,-,-,-,-,-,-,-
2026-04-21 22:25:26,-,0,0.0,0.0,60,0,0.0,0.0,0.0
2026-04-21 22:25:27,-,-,-,-,-,-,-,-,-
2026-04-21 22:25:27,-,0,0.0,0.0,60,0,0.0,0.0,0.0
2026-04-21 22:25:27,-,-,-,-,-,-,-,-,-
2026-04-21 22:25:27,-,0,0.0,0.0,60,0,0.0,0.0,0.0
2026-04-21 22:25:28,-,-,-,-,-,-,-,-,-
2026-04-21 22:25:28,-,0,0.0,0.0,60,0,0.0,0.0,0.0
2026-04-21 22:25:28,-,-,-,-,-,-,-,-,-
2026-04-21 22:25:28,-,0,0.0,0.0,60,0,0.0,0.0,0.0
2026-04-21 22:25:29,-,-,-,-,-,-,-,-,-
2026-04-21 22:25:29,-,0,0.0,0.0,60,0,0.0,0.0,0.0
2026-04-21 22:25:29,-,-,-,-,-,-,-,-,-
2026-04-21 22:25:29,-,0,0.0,0.0,60,0,0.0,0.0,0.0
2026-04-21 22:25:30,-,-,-,-,-,-,-,-,-
2026-04-21 22:25:30,-,0,0.0,0.0,60,0,0.0,0.0,0.0
2026-04-21 22:25:30,-,-,-,-,-,-,-,-,-
2026-04-21 22:25:30,-,0,0.0,0.0,60,0,0.0,0.0,0.0
2026-04-21 22:25:31,-,-,-,-,-,-,-,-,-
2026-04-21 22:25:31,-,0,0.0,0.0,60,0,0.0,0.0,0.0
2026-04-21 22:25:31,-,-,-,-,-,-,-,-,-
2026-04-21 22:25:31,-,0,0.0,0.0,60,0,0.0,0.0,0.0
2026-04-21 22:25:32,-,-,-,-,-,-,-,-,-
2026-04-21 22:25:32,-,0,0.0,0.0,60,0,0.0,0.0,0.0
2026-04-21 22:25:32,-,-,-,-,-,-,-,-,-
2026-04-21 22:25:32,-,0,0.0,0.0,60,0,0.0,0.0,0.0
2026-04-21 22:25:33,-,-,-,-,-,-,-,-,-
2026-04-21 22:25:33,-,0,0.0,0.0,60,0,0.0,0.0,0.0
2026-04-21 22:25:33,-,-,-,-,-,-,-,-,-
2026-04-21 22:25:33,-,0,0.0,0.0,60,0,0.0,0.0,0.0
2026-04-21 22:25:34,-,-,-,-,-,-,-,-,-
2026-04-21 22:25:34,-,0,0.0,0.0,60,0,0.0,0.0,0.0
2026-04-21 22:25:34,-,-,-,-,-,-,-,-,-
2026-04-21 22:25:34,-,0,0.0,0.0,60,0,0.0,0.0,0.0
2026-04-21 22:25:35,-,-,-,-,-,-,-,-,-
2026-04-21 22:25:35,-,0,0.0,0.0,60,0,0.0,0.0,0.0
2026-04-21 22:25:35,-,-,-,-,-,-,-,-,-
2026-04-21 22:25:35,-,0,0.0,0.0,60,0,0.0,0.0,0.0
2026-04-21 22:25:36,-,-,-,-,-,-,-,-,-
2026-04-21 22:25:36,-,0,0.0,0.0,60,0,0.0,0.0,0.0
2026-04-21 22:25:36,-,-,-,-,-,-,-,-,-
2026-04-21 22:25:36,-,0,0.0,0.0,60,0,0.0,0.0,0.0
2026-04-21 22:25:37,-,-,-,-,-,-,-,-,-
2026-04-21 22:25:37,-,0,0.0,0.0,60,0,0.0,0.0,0.0
2026-04-21 22:25:37,-,-,-,-,-,-,-,-,-
2026-04-21 22:25:37,-,0,0.0,0.0,60,0,0.0,0.0,0.0
2026-04-21 22:25:38,-,-,-,-,-,-,-,-,-
2026-04-21 22:25:38,-,0,0.0,0.0,60,0,0.0,0.0,0.0
2026-04-21 22:25:38,-,-,-,-,-,-,-,-,-
2026-04-21 22:25:38,-,0,0.0,0.0,60,0,0.0,0.0,0.0
2026-04-21 22:25:39,-,-,-,-,-,-,-,-,-
2026-04-21 22:25:39,-,0,0.0,0.0,60,0,0.0,0.0,0.0
2026-04-21 22:25:39,-,-,-,-,-,-,-,-,-
2026-04-21 22:25:39,-,0,0.0,0.0,60,0,0.0,0.0,0.0
2026-04-21 22:25:40,-,-,-,-,-,-,-,-,-
2026-04-21 22:25:40,-,0,0.0,0.0,60,0,0.0,0.0,0.0
2026-04-21 22:25:40,-,-,-,-,-,-,-,-,-
2026-04-21 22:25:40,-,0,0.0,0.0,60,0,0.0,0.0,0.0
2026-04-21 22:25:41,-,-,-,-,-,-,-,-,-
2026-04-21 22:25:41,-,0,0.0,0.0,60,0,0.0,0.0,0.0
2026-04-21 22:25:41,-,-,-,-,-,-,-,-,-
2026-04-21 22:25:41,-,0,0.0,0.0,60,0,0.0,0.0,0.0
2026-04-21 22:25:42,-,-,-,-,-,-,-,-,-
2026-04-21 22:25:42,-,0,0.0,0.0,60,0,0.0,0.0,0.0
2026-04-21 22:25:42,-,-,-,-,-,-,-,-,-
2026-04-21 22:25:42,-,0,0.0,0.0,60,0,0.0,0.0,0.0
2026-04-21 22:25:43,-,-,-,-,-,-,-,-,-
2026-04-21 22:25:43,-,0,0.0,0.0,60,0,0.0,0.0,0.0
2026-04-21 22:25:43,-,-,-,-,-,-,-,-,-
2026-04-21 22:25:43,-,0,0.0,0.0,60,0,0.0,0.0,0.0
2026-04-21 22:25:44,-,-,-,-,-,-,-,-,-
2026-04-21 22:25:44,-,0,0.0,0.0,60,0,0.0,0.0,0.0
2026-04-21 22:25:44,-,-,-,-,-,-,-,-,-
2026-04-21 22:25:44,-,0,0.0,0.0,60,0,0.0,0.0,0.0
2026-04-21 22:25:45,-,-,-,-,-,-,-,-,-
2026-04-21 22:25:45,-,0,0.0,0.0,60,0,0.0,0.0,0.0
2026-04-21 22:25:45,-,-,-,-,-,-,-,-,-
2026-04-21 22:25:45,-,0,0.0,0.0,60,0,0.0,0.0,0.0
2026-04-21 22:25:46,-,-,-,-,-,-,-,-,-
2026-04-21 22:25:46,-,0,0.0,0.0,60,0,0.0,0.0,0.0
2026-04-21 22:25:46,-,-,-,-,-,-,-,-,-
2026-04-21 22:25:46,-,0,0.0,0.0,60,0,0.0,0.0,0.0
2026-04-21 22:25:47,-,-,-,-,-,-,-,-,-
2026-04-21 22:25:47,-,0,0.0,0.0,60,0,0.0,0.0,0.0
2026-04-21 22:25:47,-,-,-,-,-,-,-,-,-
2026-04-21 22:25:47,-,0,0.0,0.0,60,0,0.0,0.0,0.0
2026-04-21 22:25:48,-,-,-,-,-,-,-,-,-
2026-04-21 22:25:48,-,0,0.0,0.0,60,0,0.0,0.0,0.0
2026-04-21 22:25:48,-,-,-,-,-,-,-,-,-
2026-04-21 22:25:48,-,0,0.0,0.0,60,0,0.0,0.0,0.0
2026-04-21 22:25:49,-,-,-,-,-,-,-,-,-
2026-04-21 22:25:49,-,0,0.0,0.0,60,0,0.0,0.0,0.0
2026-04-21 22:25:49,-,-,-,-,-,-,-,-,-
2026-04-21 22:25:49,-,0,0.0,0.0,60,0,0.0,0.0,0.0
2026-04-21 22:25:50,-,-,-,-,-,-,-,-,-
2026-04-21 22:25:50,-,0,0.0,0.0,60,0,0.0,0.0,0.0
2026-04-21 22:25:50,-,-,-,-,-,-,-,-,-
2026-04-21 22:25:50,-,0,0.0,0.0,60,0,0.0,0.0,0.0
2026-04-21 22:25:51,-,-,-,-,-,-,-,-,-
2026-04-21 22:25:51,-,0,0.0,0.0,60,0,0.0,0.0,0.0
2026-04-21 22:25:51,-,-,-,-,-,-,-,-,-
2026-04-21 22:25:51,-,0,0.0,0.0,60,0,0.0,0.0,0.0
2026-04-21 22:25:52,-,-,-,-,-,-,-,-,-
2026-04-21 22:25:52,-,0,0.0,0.0,60,0,0.0,0.0,0.0
2026-04-21 22:25:52,-,-,-,-,-,-,-,-,-
2026-04-21 22:25:52,-,0,0.0,0.0,60,0,0.0,0.0,0.0
2026-04-21 22:25:53,-,-,-,-,-,-,-,-,-
2026-04-21 22:25:53,-,0,0.0,0.0,60,0,0.0,0.0,0.0
2026-04-21 22:25:54,-,-,-,-,-,-,-,-,-
2026-04-21 22:25:54,-,0,0.0,0.0,60,0,0.0,0.0,0.0
2026-04-21 22:25:54,-,-,-,-,-,-,-,-,-
2026-04-21 22:25:54,-,0,0.0,0.0,60,0,0.0,0.0,0.0
2026-04-21 22:25:55,-,-,-,-,-,-,-,-,-
2026-04-21 22:25:55,-,0,0.0,0.0,60,0,0.0,0.0,0.0
2026-04-21 22:25:55,-,-,-,-,-,-,-,-,-
2026-04-21 22:25:55,-,0,0.0,0.0,60,0,0.0,0.0,0.0
2026-04-21 22:25:56,-,-,-,-,-,-,-,-,-
2026-04-21 22:25:56,-,0,0.0,0.0,60,0,0.0,0.0,0.0
2026-04-21 22:25:56,-,-,-,-,-,-,-,-,-
2026-04-21 22:25:56,-,0,0.0,0.0,60,0,0.0,0.0,0.0
2026-04-21 22:25:57,-,-,-,-,-,-,-,-,-
2026-04-21 22:25:57,-,0,0.0,0.0,60,0,0.0,0.0,0.0
2026-04-21 22:25:57,-,-,-,-,-,-,-,-,-
2026-04-21 22:25:57,-,0,0.0,0.0,60,0,0.0,0.0,0.0
2026-04-21 22:25:58,-,-,-,-,-,-,-,-,-
2026-04-21 22:25:58,-,0,0.0,0.0,60,0,0.0,0.0,0.0
2026-04-21 22:25:58,-,-,-,-,-,-,-,-,-
2026-04-21 22:25:58,-,0,0.0,0.0,60,0,0.0,0.0,0.0
2026-04-21 22:25:59,-,-,-,-,-,-,-,-,-
2026-04-21 22:25:59,-,0,0.0,0.0,60,0,0.0,0.0,0.0
2026-04-21 22:25:59,-,-,-,-,-,-,-,-,-
2026-04-21 22:25:59,-,0,0.0,0.0,60,0,0.0,0.0,0.0
2026-04-21 22:26:00,-,-,-,-,-,-,-,-,-
2026-04-21 22:26:00,-,0,0.0,0.0,60,0,0.0,0.0,0.0
2026-04-21 22:26:00,-,-,-,-,-,-,-,-,-
2026-04-21 22:26:00,-,0,0.0,0.0,60,0,0.0,0.0,0.0
2026-04-21 22:26:01,-,-,-,-,-,-,-,-,-
2026-04-21 22:26:01,-,0,0.0,0.0,60,0,0.0,0.0,0.0
2026-04-21 22:26:01,-,-,-,-,-,-,-,-,-
2026-04-21 22:26:01,-,0,0.0,0.0,60,0,0.0,0.0,0.0
2026-04-21 22:26:02,-,-,-,-,-,-,-,-,-
2026-04-21 22:26:02,-,0,0.0,0.0,60,0,0.0,0.0,0.0
2026-04-21 22:26:02,-,-,-,-,-,-,-,-,-
2026-04-21 22:26:02,-,0,0.0,0.0,60,0,0.0,0.0,0.0
2026-04-21 22:26:03,-,-,-,-,-,-,-,-,-
2026-04-21 22:26:03,-,0,0.0,0.0,60,0,0.0,0.0,0.0
2026-04-21 22:26:03,-,-,-,-,-,-,-,-,-
2026-04-21 22:26:03,-,0,0.0,0.0,60,0,0.0,0.0,0.0
2026-04-21 22:26:04,-,-,-,-,-,-,-,-,-
2026-04-21 22:26:04,-,0,0.0,0.0,60,0,0.0,0.0,0.0
2026-04-21 22:26:04,-,-,-,-,-,-,-,-,-
2026-04-21 22:26:04,-,0,0.0,0.0,60,0,0.0,0.0,0.0
2026-04-21 22:26:05,-,-,-,-,-,-,-,-,-
2026-04-21 22:26:05,-,0,0.0,0.0,60,0,0.0,0.0,0.0
2026-04-21 22:26:05,-,-,-,-,-,-,-,-,-
2026-04-21 22:26:05,-,0,0.0,0.0,60,0,0.0,0.0,0.0
2026-04-21 22:26:06,-,-,-,-,-,-,-,-,-
2026-04-21 22:26:06,-,0,0.0,0.0,60,0,0.0,0.0,0.0
2026-04-21 22:26:06,-,-,-,-,-,-,-,-,-
2026-04-21 22:26:06,-,0,0.0,0.0,60,0,0.0,0.0,0.0
2026-04-21 22:26:07,-,-,-,-,-,-,-,-,-
2026-04-21 22:26:07,-,0,0.0,0.0,60,0,0.0,0.0,0.0
2026-04-21 22:26:07,-,-,-,-,-,-,-,-,-
2026-04-21 22:26:07,-,0,0.0,0.0,60,0,0.0,0.0,0.0
2026-04-21 22:26:08,-,-,-,-,-,-,-,-,-
2026-04-21 22:26:08,-,0,0.0,0.0,60,0,0.0,0.0,0.0
2026-04-21 22:26:08,-,-,-,-,-,-,-,-,-
2026-04-21 22:26:08,-,0,0.0,0.0,60,0,0.0,0.0,0.0
2026-04-21 22:26:09,-,-,-,-,-,-,-,-,-
2026-04-21 22:26:09,-,0,0.0,0.0,60,0,0.0,0.0,0.0
2026-04-21 22:26:09,-,-,-,-,-,-,-,-,-
2026-04-21 22:26:09,-,0,0.0,0.0,60,0,0.0,0.0,0.0
2026-04-21 22:26:10,-,-,-,-,-,-,-,-,-
2026-04-21 22:26:10,-,0,0.0,0.0,60,0,0.0,0.0,0.0
2026-04-21 22:26:10,-,-,-,-,-,-,-,-,-
2026-04-21 22:26:10,-,0,0.0,0.0,60,0,0.0,0.0,0.0
2026-04-21 22:26:11,-,-,-,-,-,-,-,-,-
2026-04-21 22:26:11,-,0,0.0,0.0,60,0,0.0,0.0,0.0
2026-04-21 22:26:11,-,-,-,-,-,-,-,-,-
2026-04-21 22:26:11,-,0,0.0,0.0,60,0,0.0,0.0,0.0
2026-04-21 22:26:12,-,-,-,-,-,-,-,-,-
2026-04-21 22:26:12,-,0,0.0,0.0,60,0,0.0,0.0,0.0
2026-04-21 22:26:12,-,-,-,-,-,-,-,-,-
2026-04-21 22:26:12,-,0,0.0,0.0,60,0,0.0,0.0,0.0
2026-04-21 22:26:13,-,-,-,-,-,-,-,-,-
2026-04-21 22:26:13,-,0,0.0,0.0,60,0,0.0,0.0,0.0
2026-04-21 22:26:13,-,-,-,-,-,-,-,-,-
2026-04-21 22:26:13,-,0,0.0,0.0,60,0,0.0,0.0,0.0
2026-04-21 22:26:14,-,-,-,-,-,-,-,-,-
2026-04-21 22:26:14,-,0,0.0,0.0,60,0,0.0,0.0,0.0
2026-04-21 22:26:14,-,-,-,-,-,-,-,-,-
2026-04-21 22:26:14,-,0,0.0,0.0,60,0,0.0,0.0,0.0
2026-04-21 22:26:15,-,-,-,-,-,-,-,-,-
2026-04-21 22:26:15,-,0,0.0,0.0,60,0,0.0,0.0,0.0
2026-04-21 22:26:15,-,-,-,-,-,-,-,-,-
2026-04-21 22:26:15,-,0,0.0,0.0,60,0,0.0,0.0,0.0
2026-04-21 22:26:16,-,-,-,-,-,-,-,-,-
2026-04-21 22:26:16,-,0,0.0,0.0,60,0,0.0,0.0,0.0
2026-04-21 22:26:16,-,-,-,-,-,-,-,-,-
2026-04-21 22:26:16,-,0,0.0,0.0,60,0,0.0,0.0,0.0
2026-04-21 22:26:17,-,-,-,-,-,-,-,-,-
2026-04-21 22:26:17,-,0,0.0,0.0,60,0,0.0,0.0,0.0
2026-04-21 22:26:17,-,-,-,-,-,-,-,-,-
2026-04-21 22:26:17,-,0,0.0,0.0,60,0,0.0,0.0,0.0
2026-04-21 22:26:18,-,-,-,-,-,-,-,-,-
2026-04-21 22:26:18,-,0,0.0,0.0,60,0,0.0,0.0,0.0
2026-04-21 22:26:18,-,-,-,-,-,-,-,-,-
2026-04-21 22:26:18,-,0,0.0,0.0,60,0,0.0,0.0,0.0
2026-04-21 22:26:19,-,-,-,-,-,-,-,-,-
2026-04-21 22:26:19,-,0,0.0,0.0,60,0,0.0,0.0,0.0
2026-04-21 22:26:19,-,-,-,-,-,-,-,-,-
2026-04-21 22:26:19,-,0,0.0,0.0,60,0,0.0,0.0,0.0
2026-04-21 22:26:20,-,-,-,-,-,-,-,-,-
2026-04-21 22:26:20,-,0,0.0,0.0,60,0,0.0,0.0,0.0
2026-04-21 22:26:20,-,-,-,-,-,-,-,-,-
2026-04-21 22:26:20,-,0,0.0,0.0,60,0,0.0,0.0,0.0
2026-04-21 22:26:21,-,-,-,-,-,-,-,-,-
2026-04-21 22:26:21,-,0,0.0,0.0,60,0,0.0,0.0,0.0
2026-04-21 22:26:21,-,-,-,-,-,-,-,-,-
2026-04-21 22:26:21,-,0,0.0,0.0,60,0,0.0,0.0,0.0
2026-04-21 22:26:22,-,-,-,-,-,-,-,-,-
2026-04-21 22:26:22,-,0,0.0,0.0,60,0,0.0,0.0,0.0
2026-04-21 22:26:22,-,-,-,-,-,-,-,-,-
2026-04-21 22:26:22,-,0,0.0,0.0,60,0,0.0,0.0,0.0
2026-04-21 22:26:23,-,-,-,-,-,-,-,-,-
2026-04-21 22:26:23,-,0,0.0,0.0,60,0,0.0,0.0,0.0
2026-04-21 22:26:23,-,-,-,-,-,-,-,-,-
2026-04-21 22:26:23,-,0,0.0,0.0,60,0,0.0,0.0,0.0
2026-04-21 22:26:24,-,-,-,-,-,-,-,-,-
2026-04-21 22:26:24,-,0,0.0,0.0,60,0,0.0,0.0,0.0
2026-04-21 22:26:24,-,-,-,-,-,-,-,-,-
2026-04-21 22:26:24,-,0,0.0,0.0,60,0,0.0,0.0,0.0
2026-04-21 22:26:25,-,-,-,-,-,-,-,-,-
2026-04-21 22:26:25,-,0,0.0,0.0,60,0,0.0,0.0,0.0
2026-04-21 22:26:25,-,-,-,-,-,-,-,-,-
2026-04-21 22:26:25,-,0,0.0,0.0,60,0,0.0,0.0,0.0
2026-04-21 22:26:26,-,-,-,-,-,-,-,-,-
2026-04-21 22:26:26,-,0,0.0,0.0,60,0,0.0,0.0,0.0
2026-04-21 22:26:26,-,-,-,-,-,-,-,-,-
2026-04-21 22:26:26,-,0,0.0,0.0,60,0,0.0,0.0,0.0
2026-04-21 22:26:27,-,-,-,-,-,-,-,-,-
2026-04-21 22:26:27,-,0,0.0,0.0,60,0,0.0,0.0,0.0
2026-04-21 22:26:27,-,-,-,-,-,-,-,-,-
2026-04-21 22:26:27,-,0,0.0,0.0,60,0,0.0,0.0,0.0
2026-04-21 22:26:28,-,-,-,-,-,-,-,-,-
2026-04-21 22:26:28,-,0,0.0,0.0,60,0,0.0,0.0,0.0
2026-04-21 22:26:28,-,-,-,-,-,-,-,-,-
2026-04-21 22:26:28,-,0,0.0,0.0,60,0,0.0,0.0,0.0
2026-04-21 22:26:29,-,-,-,-,-,-,-,-,-
2026-04-21 22:26:29,-,0,0.0,0.0,60,0,0.0,0.0,0.0
2026-04-21 22:26:29,-,-,-,-,-,-,-,-,-
2026-04-21 22:26:29,-,0,0.0,0.0,60,0,0.0,0.0,0.0
2026-04-21 22:26:30,-,-,-,-,-,-,-,-,-
2026-04-21 22:26:30,-,0,0.0,0.0,60,0,0.0,0.0,0.0
2026-04-21 22:26:30,-,-,-,-,-,-,-,-,-
2026-04-21 22:26:30,-,0,0.0,0.0,60,0,0.0,0.0,0.0
2026-04-21 22:26:31,-,-,-,-,-,-,-,-,-
2026-04-21 22:26:31,-,0,0.0,0.0,60,0,0.0,0.0,0.0
2026-04-21 22:26:31,-,-,-,-,-,-,-,-,-
2026-04-21 22:26:31,-,0,0.0,0.0,60,0,0.0,0.0,0.0
2026-04-21 22:26:32,-,-,-,-,-,-,-,-,-
2026-04-21 22:26:32,-,0,0.0,0.0,60,0,0.0,0.0,0.0
2026-04-21 22:26:32,-,-,-,-,-,-,-,-,-
2026-04-21 22:26:32,-,0,0.0,0.0,60,0,0.0,0.0,0.0
2026-04-21 22:26:33,-,-,-,-,-,-,-,-,-
2026-04-21 22:26:33,-,0,0.0,0.0,60,0,0.0,0.0,0.0
2026-04-21 22:26:33,-,-,-,-,-,-,-,-,-
2026-04-21 22:26:33,-,0,0.0,0.0,60,0,0.0,0.0,0.0
2026-04-21 22:26:34,-,-,-,-,-,-,-,-,-
2026-04-21 22:26:34,-,0,0.0,0.0,60,0,0.0,0.0,0.0
2026-04-21 22:26:34,-,-,-,-,-,-,-,-,-
2026-04-21 22:26:34,-,0,0.0,0.0,60,0,0.0,0.0,0.0
2026-04-21 22:26:35,-,-,-,-,-,-,-,-,-
2026-04-21 22:26:35,-,0,0.0,0.0,60,0,0.0,0.0,0.0
2026-04-21 22:26:35,-,-,-,-,-,-,-,-,-
2026-04-21 22:26:35,-,0,0.0,0.0,60,0,0.0,0.0,0.0
2026-04-21 22:26:36,-,-,-,-,-,-,-,-,-
2026-04-21 22:26:36,-,0,0.0,0.0,60,0,0.0,0.0,0.0
2026-04-21 22:26:36,-,-,-,-,-,-,-,-,-
2026-04-21 22:26:36,-,0,0.0,0.0,60,0,0.0,0.0,0.0
2026-04-21 22:26:37,-,-,-,-,-,-,-,-,-
2026-04-21 22:26:37,-,0,0.0,0.0,60,0,0.0,0.0,0.0
2026-04-21 22:26:37,-,-,-,-,-,-,-,-,-
2026-04-21 22:26:37,-,0,0.0,0.0,60,0,0.0,0.0,0.0
2026-04-21 22:26:38,-,-,-,-,-,-,-,-,-
2026-04-21 22:26:38,-,0,0.0,0.0,60,0,0.0,0.0,0.0
2026-04-21 22:26:38,-,-,-,-,-,-,-,-,-
2026-04-21 22:26:38,-,0,0.0,0.0,60,0,0.0,0.0,0.0
2026-04-21 22:26:39,-,-,-,-,-,-,-,-,-
2026-04-21 22:26:39,-,0,0.0,0.0,60,0,0.0,0.0,0.0
2026-04-21 22:26:39,路徑規劃完成,-,-,-,-,-,-,-,-
2026-04-21 22:26:40,-,-,-,-,-,-,-,-,-
2026-04-21 22:26:40,-,4.986803012388132,0.0,0.0,60,0,0.0,0.0,0.0
2026-04-21 22:26:40,-,-,-,-,-,-,-,-,-
2026-04-21 22:26:40,-,4.945673035802538,0.0,0.0,60,0,0.0,0.0,0.0
2026-04-21 22:26:41,-,-,-,-,-,-,-,-,-
2026-04-21 22:26:41,-,4.945673035802538,0.0,0.0,60,0,0.0,0.0,0.0
2026-04-21 22:26:41,-,-,-,-,-,-,-,-,-
2026-04-21 22:26:41,-,4.876908820859302,0.0,0.0,60,0,0.0,0.0,0.0
2026-04-21 22:26:42,-,-,-,-,-,-,-,-,-
2026-04-21 22:26:42,-,4.876908820859302,0.0,0.0,60,51.73728650318998,-5.205509502990314,0.0,0.0
2026-04-21 22:26:42,-,-,-,-,-,-,-,-,-
2026-04-21 22:26:42,-,5.158814723349382,0.0,0.0,60,51.73728650318998,-5.205509502990314,0.0,0.0
2026-04-21 22:26:43,-,-,-,-,-,-,-,-,-
2026-04-21 22:26:43,-,5.158814723349382,0.0,0.0,60,51.73728650318998,-5.205509502990314,0.0,0.0
2026-04-21 22:26:43,-,-,-,-,-,-,-,-,-
2026-04-21 22:26:43,-,5.149942634526162,0.0,0.0,60,46.50893620619388,-8.750030186029004,0.0,0.0
2026-04-21 22:26:44,-,-,-,-,-,-,-,-,-
2026-04-21 22:26:44,-,5.149942634526162,0.0,0.0,60,46.50893620619388,-8.750030186029004,0.0,0.0
2026-04-21 22:26:44,-,-,-,-,-,-,-,-,-
2026-04-21 22:26:44,-,5.016181390564452,0.0,0.0,60,41.07273591302021,-12.671953308271215,0.0,0.0
2026-04-21 22:26:45,-,-,-,-,-,-,-,-,-
2026-04-21 22:26:45,-,5.016181390564452,0.0,0.0,60,41.07273591302021,-12.671953308271215,0.0,0.0
2026-04-21 22:26:45,-,-,-,-,-,-,-,-,-
2026-04-21 22:26:45,-,5.073372741484635,0.0,0.0,60,30.156094079535762,-20.34114699731185,0.0,0.0
2026-04-21 22:26:46,-,-,-,-,-,-,-,-,-
2026-04-21 22:26:46,-,5.073372741484635,0.0,0.0,60,30.156094079535762,-20.34114699731185,0.0,0.0
2026-04-21 22:26:46,-,-,-,-,-,-,-,-,-
2026-04-21 22:26:46,-,-,-,-,-,-,-,-,-
2026-04-21 22:26:46,-,5.192708381113921,0.0,0.0,60,24.936375405276806,-24.653474841750274,0.0,0.0
2026-04-21 22:26:47,-,-,-,-,-,-,-,-,-
2026-04-21 22:26:47,-,5.192708381113921,0.0,0.0,60,24.936375405276806,-24.653474841750274,0.0,0.0
2026-04-21 22:26:47,-,-,-,-,-,-,-,-,-
2026-04-21 22:26:47,-,4.882980682995771,0.0,0.0,60,20.02228401531903,-29.03593078196615,0.0,0.0
2026-04-21 22:26:48,-,-,-,-,-,-,-,-,-
2026-04-21 22:26:48,-,4.882980682995771,0.0,0.0,60,20.02228401531903,-29.03593078196615,0.0,0.0
2026-04-21 22:26:48,-,-,-,-,-,-,-,-,-
2026-04-21 22:26:48,-,5.106185371919285,0.0,0.0,60,15.30943916623977,-30.0,0.0,0.0
2026-04-21 22:26:49,-,-,-,-,-,-,-,-,-
2026-04-21 22:26:49,-,5.106185371919285,0.0,0.0,60,15.30943916623977,-30.0,0.0,0.0
2026-04-21 22:26:49,-,-,-,-,-,-,-,-,-
2026-04-21 22:26:49,-,5.103956310446735,0.0,0.0,60,10.937943141057417,-30.0,0.0,0.0
2026-04-21 22:26:50,-,-,-,-,-,-,-,-,-
2026-04-21 22:26:50,-,5.103956310446735,0.0,0.0,60,10.937943141057417,-30.0,0.0,0.0
2026-04-21 22:26:50,-,-,-,-,-,-,-,-,-
2026-04-21 22:26:50,-,5.1776375423241,0.0,0.0,60,6.922103192079362,-30.0,0.0,0.0
2026-04-21 22:26:51,-,-,-,-,-,-,-,-,-
2026-04-21 22:26:51,-,5.1776375423241,0.0,0.0,60,6.922103192079362,-30.0,0.0,0.0
2026-04-21 22:26:51,-,-,-,-,-,-,-,-,-
2026-04-21 22:26:51,-,5.00305952913947,0.0,0.0,60,3.1465892788126553,-30.0,0.0,0.0
2026-04-21 22:26:51,誤差過大重新規劃,-,-,-,-,-,-,-,-
2026-04-21 22:26:52,-,-,-,-,-,-,-,-,-
2026-04-21 22:26:52,-,5.00305952913947,0.0,0.0,60,3.1465892788126553,-30.0,0.0,0.0
2026-04-21 22:26:52,路徑規劃完成,-,-,-,-,-,-,-,-
2026-04-21 22:26:52,-,-,-,-,-,-,-,-,-
2026-04-21 22:26:53,-,-,-,-,-,-,-,-,-
2026-04-21 22:26:53,-,5.055539048646672,0.0,0.0,60,3.1465892788126553,-30.0,0.0,0.0
2026-04-21 22:26:53,-,-,-,-,-,-,-,-,-
2026-04-21 22:26:53,-,5.026000792236855,0.0,0.0,60,61.72029063444626,-3.965197055334988,0.0,0.0
2026-04-21 22:26:54,-,-,-,-,-,-,-,-,-
2026-04-21 22:26:54,-,5.026000792236855,0.0,0.0,60,61.72029063444626,-3.965197055334988,0.0,0.0
2026-04-21 22:26:54,-,-,-,-,-,-,-,-,-
2026-04-21 22:26:54,-,4.903565887924101,0.0,0.0,60,56.877199415038774,-7.023753663935938,0.0,0.0
2026-04-21 22:26:55,-,-,-,-,-,-,-,-,-
2026-04-21 22:26:55,-,4.903565887924101,0.0,0.0,60,56.877199415038774,-7.023753663935938,0.0,0.0
2026-04-21 22:26:55,-,-,-,-,-,-,-,-,-
2026-04-21 22:26:55,-,4.972495377531227,0.0,0.0,60,56.877199415038774,-7.023753663935938,0.0,0.0
2026-04-21 22:26:56,-,-,-,-,-,-,-,-,-
2026-04-21 22:26:56,-,4.972495377531227,0.0,0.0,60,46.50485412330545,-13.686962889701206,0.0,0.0
2026-04-21 22:26:56,-,-,-,-,-,-,-,-,-
2026-04-21 22:26:56,-,5.119445736927184,0.0,0.0,60,46.50485412330545,-13.686962889701206,0.0,0.0
2026-04-21 22:26:57,-,-,-,-,-,-,-,-,-
2026-04-21 22:26:57,-,5.119445736927184,0.0,0.0,60,41.06705967075936,-17.524989957303877,0.0,0.0
2026-04-21 22:26:57,-,-,-,-,-,-,-,-,-
2026-04-21 22:26:57,-,4.95940176033698,0.0,0.0,60,41.06705967075936,-17.524989957303877,0.0,0.0
2026-04-21 22:26:58,-,-,-,-,-,-,-,-,-
2026-04-21 22:26:58,-,4.95940176033698,0.0,0.0,60,41.06705967075936,-17.524989957303877,0.0,0.0
2026-04-21 22:26:58,-,-,-,-,-,-,-,-,-
2026-04-21 22:26:58,-,5.008001050059686,0.0,0.0,60,35.65186962387628,-21.696341529528127,0.0,0.0
2026-04-21 22:26:58,-,-,-,-,-,-,-,-,-
2026-04-21 22:26:59,-,-,-,-,-,-,-,-,-
2026-04-21 22:26:59,-,5.008001050059686,0.0,0.0,60,35.65186962387628,-21.696341529528127,0.0,0.0
2026-04-21 22:26:59,-,-,-,-,-,-,-,-,-
2026-04-21 22:26:59,-,4.839320643422645,0.0,0.0,60,35.65186962387628,-21.696341529528127,0.0,0.0
2026-04-21 22:27:00,-,-,-,-,-,-,-,-,-
2026-04-21 22:27:00,-,4.839320643422645,0.0,0.0,60,25.048041904335662,-29.269898476387667,0.0,0.0
2026-04-21 22:27:00,-,-,-,-,-,-,-,-,-
2026-04-21 22:27:00,-,5.148914046582468,0.0,0.0,60,25.048041904335662,-29.269898476387667,0.0,0.0
2026-04-21 22:27:01,-,-,-,-,-,-,-,-,-
2026-04-21 22:27:01,-,5.148914046582468,0.0,0.0,60,20.010257617251966,-30.0,0.0,0.0
2026-04-21 22:27:01,-,-,-,-,-,-,-,-,-
2026-04-21 22:27:01,-,5.137176755052601,0.0,0.0,60,20.010257617251966,-30.0,0.0,0.0
2026-04-21 22:27:02,-,-,-,-,-,-,-,-,-
2026-04-21 22:27:02,-,5.137176755052601,0.0,0.0,60,15.295990106234115,-30.0,0.0,0.0
2026-04-21 22:27:02,-,-,-,-,-,-,-,-,-
2026-04-21 22:27:02,-,4.844461467396992,0.0,0.0,60,15.295990106234115,-30.0,0.0,0.0
2026-04-21 22:27:02,-,-,-,-,-,-,-,-,-
2026-04-21 22:27:03,-,-,-,-,-,-,-,-,-
2026-04-21 22:27:03,-,4.844461467396992,0.0,0.0,60,10.923188381454281,-30.0,0.0,0.0
2026-04-21 22:27:03,-,-,-,-,-,-,-,-,-
2026-04-21 22:27:03,-,5.063075087400808,0.0,0.0,60,10.923188381454281,-30.0,0.0,0.0
2026-04-21 22:27:04,-,-,-,-,-,-,-,-,-
2026-04-21 22:27:04,-,5.063075087400808,0.0,0.0,60,6.90616768291784,-30.0,0.0,0.0
2026-04-21 22:27:04,-,-,-,-,-,-,-,-,-
2026-04-21 22:27:04,-,5.163676189699626,0.0,0.0,60,6.90616768291784,-30.0,0.0,0.0
2026-04-21 22:27:05,-,-,-,-,-,-,-,-,-
2026-04-21 22:27:05,-,5.163676189699626,0.0,0.0,60,3.2555579332213256,-30.0,0.0,0.0
2026-04-21 22:27:05,誤差過大重新規劃,-,-,-,-,-,-,-,-
2026-04-21 22:27:05,-,-,-,-,-,-,-,-,-
2026-04-21 22:27:05,-,4.980490455902056,0.0,0.0,60,3.2555579332213256,-30.0,0.0,0.0
2026-04-21 22:27:06,路徑規劃完成,-,-,-,-,-,-,-,-
2026-04-21 22:27:06,-,-,-,-,-,-,-,-,-
2026-04-21 22:27:06,-,5.134754107874455,0.0,0.0,60,3.2555579332213256,-30.0,0.0,0.0
2026-04-21 22:27:07,-,-,-,-,-,-,-,-,-
2026-04-21 22:27:07,-,5.134754107874455,0.0,0.0,60,56.876246205553684,-10.282199191307088,0.0,0.0
2026-04-21 22:27:07,-,-,-,-,-,-,-,-,-
2026-04-21 22:27:07,-,4.995345476325761,0.0,0.0,60,56.876246205553684,-10.282199191307088,0.0,0.0
2026-04-21 22:27:08,-,-,-,-,-,-,-,-,-
2026-04-21 22:27:08,-,-,-,-,-,-,-,-,-
2026-04-21 22:27:08,-,4.995345476325761,0.0,0.0,60,51.73248955528487,-13.889170307993478,0.0,0.0
2026-04-21 22:27:08,-,-,-,-,-,-,-,-,-
2026-04-21 22:27:08,-,4.969691400846372,0.0,0.0,60,51.73248955528487,-13.889170307993478,0.0,0.0
2026-04-21 22:27:09,-,-,-,-,-,-,-,-,-
2026-04-21 22:27:09,-,4.969691400846372,0.0,0.0,60,51.73248955528487,-13.889170307993478,0.0,0.0
2026-04-21 22:27:09,-,-,-,-,-,-,-,-,-
2026-04-21 22:27:09,-,5.119359330528894,0.0,0.0,60,46.50132536396501,-17.445330072016283,0.0,0.0
2026-04-21 22:27:10,-,-,-,-,-,-,-,-,-
2026-04-21 22:27:10,-,0,0,0,60,46.50132536396501,0,0.0,0.0
2026-04-21 22:27:10,誤差過大重新規劃,-,-,-,-,-,-,-,-
2026-04-21 22:27:10,-,-,-,-,-,-,-,-,-
2026-04-21 22:27:10,-,0,0,0,60,41.06214010724449,-21.297366662022434,0.0,0.0
2026-04-21 22:27:11,-,-,-,-,-,-,-,-,-
2026-04-21 22:27:11,-,0,0,0,60,41.06214010724449,-21.297366662022434,0.0,0.0
2026-04-21 22:27:11,-,-,-,-,-,-,-,-,-
2026-04-21 22:27:11,-,0,0,0,60,41.06214010724449,-21.297366662022434,0.0,0.0
2026-04-21 22:27:12,-,-,-,-,-,-,-,-,-
2026-04-21 22:27:12,-,0,0,0,60,41.06214010724449,-21.297366662022434,0.0,0.0
2026-04-21 22:27:12,-,-,-,-,-,-,-,-,-
2026-04-21 22:27:12,-,0,0,0,60,41.06214010724449,-21.297366662022434,0.0,0.0
2026-04-21 22:27:13,-,-,-,-,-,-,-,-,-
2026-04-21 22:27:13,-,0,0,0,60,41.06214010724449,-21.297366662022434,0.0,0.0
2026-04-21 22:27:13,-,-,-,-,-,-,-,-,-
2026-04-21 22:27:13,-,0,0,0,60,41.06214010724449,-21.297366662022434,0.0,0.0
2026-04-21 22:27:14,-,-,-,-,-,-,-,-,-
2026-04-21 22:27:14,-,0,0,0,60,41.06214010724449,-21.297366662022434,0.0,0.0
2026-04-21 22:27:14,-,-,-,-,-,-,-,-,-
2026-04-21 22:27:14,-,0,0,0,60,41.06214010724449,-21.297366662022434,0.0,0.0
2026-04-21 22:27:15,-,-,-,-,-,-,-,-,-
2026-04-21 22:27:15,-,0,0,0,60,41.06214010724449,-21.297366662022434,0.0,0.0
2026-04-21 22:27:15,-,-,-,-,-,-,-,-,-
2026-04-21 22:27:15,-,0,0,0,60,41.06214010724449,-21.297366662022434,0.0,0.0
2026-04-21 22:27:15,路徑規劃完成,-,-,-,-,-,-,-,-
2026-04-21 22:27:16,-,-,-,-,-,-,-,-,-
2026-04-21 22:27:16,-,5.112540880448288,0,0,60,41.06214010724449,-21.297366662022434,0.0,0.0
2026-04-21 22:27:17,-,-,-,-,-,-,-,-,-
2026-04-21 22:27:17,-,5.112540880448288,0,0,60,41.06214010724449,-21.297366662022434,0.0,0.0
2026-04-21 22:27:17,-,-,-,-,-,-,-,-,-
2026-04-21 22:27:17,-,4.91997043179051,0,0,60,41.06214010724449,-21.297366662022434,0.0,0.0
2026-04-21 22:27:18,-,-,-,-,-,-,-,-,-
2026-04-21 22:27:18,-,4.91997043179051,0,0,60,51.73629358640858,-15.169769355202924,0.0,0.0
2026-04-21 22:27:18,-,-,-,-,-,-,-,-,-
2026-04-21 22:27:18,-,4.822366137980111,0,0,60,51.73629358640858,-15.169769355202924,0.0,0.0
2026-04-21 22:27:19,-,-,-,-,-,-,-,-,-
2026-04-21 22:27:19,-,4.822366137980111,0,0,60,51.73629358640858,-15.169769355202924,0.0,0.0
2026-04-21 22:27:19,-,-,-,-,-,-,-,-,-
2026-04-21 22:27:19,-,5.09602389570155,0,0,60,46.50706400596778,-18.713343623697213,0.0,0.0
2026-04-21 22:27:20,-,-,-,-,-,-,-,-,-
2026-04-21 22:27:20,-,5.09602389570155,0,0,60,46.50706400596778,-18.713343623697213,0.0,0.0
2026-04-21 22:27:20,-,-,-,-,-,-,-,-,-
2026-04-21 22:27:20,-,5.086936383638806,0,0,60,35.5366737486973,-26.203353365081448,0.0,0.0
2026-04-21 22:27:21,-,-,-,-,-,-,-,-,-
2026-04-21 22:27:21,-,5.086936383638806,0,0,60,35.5366737486973,-26.203353365081448,0.0,0.0
2026-04-21 22:27:21,-,-,-,-,-,-,-,-,-
2026-04-21 22:27:21,-,4.800905981025935,0,0,60,30.27190105225793,-30.0,0.0,0.0
2026-04-21 22:27:21,-,-,-,-,-,-,-,-,-
2026-04-21 22:27:22,-,-,-,-,-,-,-,-,-
2026-04-21 22:27:22,-,4.800905981025935,0.0,0.0,60,30.27190105225793,-30.0,0.0,0.0
2026-04-21 22:27:22,-,-,-,-,-,-,-,-,-
2026-04-21 22:27:22,-,5.077060967153864,0.0,0.0,60,24.930659597353895,-30.0,0.0,0.0
2026-04-21 22:27:23,-,-,-,-,-,-,-,-,-
2026-04-21 22:27:23,-,5.077060967153864,0.0,0.0,60,24.930659597353895,-30.0,0.0,0.0
2026-04-21 22:27:23,-,-,-,-,-,-,-,-,-
2026-04-21 22:27:23,-,5.034427756936009,0.0,0.0,60,20.015663696576212,-30.0,0.0,0.0
2026-04-21 22:27:24,-,-,-,-,-,-,-,-,-
2026-04-21 22:27:24,-,5.034427756936009,0.0,0.0,60,20.015663696576212,-30.0,0.0,0.0
2026-04-21 22:27:24,-,-,-,-,-,-,-,-,-
2026-04-21 22:27:24,-,4.800873891747139,0.0,0.0,60,20.015663696576212,-30.0,0.0,0.0
2026-04-21 22:27:25,-,-,-,-,-,-,-,-,-
2026-04-21 22:27:25,-,4.800873891747139,0.0,0.0,60,15.30195171548337,-30.0,0.0,0.0
2026-04-21 22:27:25,-,-,-,-,-,-,-,-,-
2026-04-21 22:27:25,-,5.125611971875565,0.0,0.0,60,15.30195171548337,-30.0,0.0,0.0
2026-04-21 22:27:26,-,-,-,-,-,-,-,-,-
2026-04-21 22:27:26,-,5.125611971875565,0.0,0.0,60,15.30195171548337,-30.0,0.0,0.0
2026-04-21 22:27:26,-,-,-,-,-,-,-,-,-
2026-04-21 22:27:26,-,5.093607698848906,0.0,0.0,60,10.929657295871777,-30.0,0.0,0.0
2026-04-21 22:27:27,-,-,-,-,-,-,-,-,-
2026-04-21 22:27:27,-,5.093607698848906,0.0,0.0,60,10.929657295871777,-30.0,0.0,0.0
2026-04-21 22:27:27,-,-,-,-,-,-,-,-,-
2026-04-21 22:27:27,-,5.017291263146724,0.0,0.0,60,10.929657295871777,-30.0,0.0,0.0
2026-04-21 22:27:28,誤差過大重新規劃,-,-,-,-,-,-,-,-
2026-04-21 22:27:28,-,-,-,-,-,-,-,-,-
2026-04-21 22:27:28,-,5.017291263146724,0.0,0.0,60,3.136908879102691,-30.0,0.0,0.0
2026-04-21 22:27:28,路徑規劃完成,-,-,-,-,-,-,-,-
2026-04-21 22:27:29,-,-,-,-,-,-,-,-,-
2026-04-21 22:27:29,-,-,-,-,-,-,-,-,-
2026-04-21 22:27:29,-,5.158719392474833,0.0,0.0,60,3.136908879102691,-30.0,0.0,0.0
2026-04-21 22:27:29,-,-,-,-,-,-,-,-,-
2026-04-21 22:27:29,-,4.870191479446821,0.0,0.0,60,3.136908879102691,-30.0,0.0,0.0
2026-04-21 22:27:30,-,-,-,-,-,-,-,-,-
2026-04-21 22:27:30,-,4.870191479446821,0.0,0.0,60,56.87582038329123,-14.621693946174613,0.0,0.0
2026-04-21 22:27:30,-,-,-,-,-,-,-,-,-
2026-04-21 22:27:30,-,4.990417422681605,0.0,0.0,60,56.87582038329123,-14.621693946174613,0.0,0.0
2026-04-21 22:27:31,-,-,-,-,-,-,-,-,-
2026-04-21 22:27:31,-,4.990417422681605,0.0,0.0,60,51.73117682470536,-18.313339868443876,0.0,0.0
2026-04-21 22:27:31,-,-,-,-,-,-,-,-,-
2026-04-21 22:27:31,-,4.912861602778978,0.0,0.0,60,51.73117682470536,-18.313339868443876,0.0,0.0
2026-04-21 22:27:32,-,-,-,-,-,-,-,-,-
2026-04-21 22:27:32,-,-,-,-,-,-,-,-,-
2026-04-21 22:27:32,-,4.912861602778978,0.0,0.0,60,46.499086771922464,-21.91281517157818,0.0,0.0
2026-04-21 22:27:32,-,-,-,-,-,-,-,-,-
2026-04-21 22:27:32,-,5.069962087423807,0.0,0.0,60,46.499086771922464,-21.91281517157818,0.0,0.0
2026-04-21 22:27:33,-,-,-,-,-,-,-,-,-
2026-04-21 22:27:33,-,5.069962087423807,0.0,0.0,60,41.058919605799645,-25.765484089245675,0.0,0.0
2026-04-21 22:27:33,-,-,-,-,-,-,-,-,-
2026-04-21 22:27:33,-,4.901872605486946,0.0,0.0,60,41.058919605799645,-25.765484089245675,0.0,0.0
2026-04-21 22:27:34,-,-,-,-,-,-,-,-,-
2026-04-21 22:27:34,-,4.901872605486946,0.0,0.0,60,35.64132128481833,-29.78390539882119,0.0,0.0
2026-04-21 22:27:34,-,-,-,-,-,-,-,-,-
2026-04-21 22:27:34,-,4.823175697954976,0.0,0.0,60,35.64132128481833,-29.78390539882119,0.0,0.0
2026-04-21 22:27:35,-,-,-,-,-,-,-,-,-
2026-04-21 22:27:35,-,4.823175697954976,0.0,0.0,60,30.254751007214168,-30.0,0.0,0.0
2026-04-21 22:27:35,-,-,-,-,-,-,-,-,-
2026-04-21 22:27:35,-,5.028299347041227,0.0,0.0,60,30.254751007214168,-30.0,0.0,0.0
2026-04-21 22:27:36,-,-,-,-,-,-,-,-,-
2026-04-21 22:27:36,-,5.028299347041227,0.0,0.0,60,30.254751007214168,-30.0,0.0,0.0
2026-04-21 22:27:36,-,-,-,-,-,-,-,-,-
2026-04-21 22:27:36,-,4.8782644662093695,0.0,0.0,60,25.03269405798892,-30.0,0.0,0.0
2026-04-21 22:27:37,-,-,-,-,-,-,-,-,-
2026-04-21 22:27:37,-,4.8782644662093695,0.0,0.0,60,25.03269405798892,-30.0,0.0,0.0
2026-04-21 22:27:37,-,-,-,-,-,-,-,-,-
2026-04-21 22:27:37,-,5.093460275760119,0.0,0.0,60,25.03269405798892,-30.0,0.0,0.0
2026-04-21 22:27:38,-,-,-,-,-,-,-,-,-
2026-04-21 22:27:38,-,-,-,-,-,-,-,-,-
2026-04-21 22:27:38,-,5.093460275760119,0.0,0.0,60,15.276212116407464,-30.0,0.0,0.0
2026-04-21 22:27:38,-,-,-,-,-,-,-,-,-
2026-04-21 22:27:38,-,4.851190577900616,0.0,0.0,60,15.276212116407464,-30.0,0.0,0.0
2026-04-21 22:27:39,-,-,-,-,-,-,-,-,-
2026-04-21 22:27:39,-,4.851190577900616,0.0,0.0,60,10.901448928479908,-30.0,0.0,0.0
2026-04-21 22:27:39,-,-,-,-,-,-,-,-,-
2026-04-21 22:27:39,-,4.828371001700744,0.0,0.0,60,10.901448928479908,-30.0,0.0,0.0
2026-04-21 22:27:40,誤差過大重新規劃,-,-,-,-,-,-,-,-
2026-04-21 22:27:40,-,-,-,-,-,-,-,-,-
2026-04-21 22:27:40,-,4.828371001700744,0.0,0.0,60,3.2304574159561525,-30.0,0.0,0.0
2026-04-21 22:27:41,路徑規劃完成,-,-,-,-,-,-,-,-
2026-04-21 22:27:41,-,-,-,-,-,-,-,-,-
2026-04-21 22:27:41,-,4.846468251212958,0.0,0.0,60,3.2304574159561525,-30.0,0.0,0.0
2026-04-21 22:27:41,-,-,-,-,-,-,-,-,-
2026-04-21 22:27:41,-,4.858096110409651,0.0,0.0,60,3.2304574159561525,-30.0,0.0,0.0
2026-04-21 22:27:42,-,-,-,-,-,-,-,-,-
2026-04-21 22:27:42,-,4.858096110409651,0.0,0.0,60,56.87990154663203,-17.147190101137486,0.0,0.0
2026-04-21 22:27:42,-,-,-,-,-,-,-,-,-
2026-04-21 22:27:42,-,5.088765531900942,0.0,0.0,60,56.87990154663203,-17.147190101137486,0.0,0.0
2026-04-21 22:27:43,-,-,-,-,-,-,-,-,-
2026-04-21 22:27:43,-,-,-,-,-,-,-,-,-
2026-04-21 22:27:43,-,5.088765531900942,0.0,0.0,60,51.73938587206601,-20.65623729714982,0.0,0.0
2026-04-21 22:27:43,-,-,-,-,-,-,-,-,-
2026-04-21 22:27:43,-,4.9730300342036164,0.0,0.0,60,51.73938587206601,-20.65623729714982,0.0,0.0
2026-04-21 22:27:44,-,-,-,-,-,-,-,-,-
2026-04-21 22:27:44,-,4.9730300342036164,0.0,0.0,60,46.51156760772204,-24.213807272348618,0.0,0.0
2026-04-21 22:27:44,-,-,-,-,-,-,-,-,-
2026-04-21 22:27:44,-,5.095845071750836,0.0,0.0,60,46.51156760772204,-24.213807272348618,0.0,0.0
2026-04-21 22:27:45,-,-,-,-,-,-,-,-,-
2026-04-21 22:27:45,-,5.095845071750836,0.0,0.0,60,41.07591264244928,-28.098576095254053,0.0,0.0
2026-04-21 22:27:45,-,-,-,-,-,-,-,-,-
2026-04-21 22:27:45,-,5.148997586522052,0.0,0.0,60,41.07591264244928,-28.098576095254053,0.0,0.0
2026-04-21 22:27:46,-,-,-,-,-,-,-,-,-
2026-04-21 22:27:46,-,5.148997586522052,0.0,0.0,60,35.544187112048064,-30.0,0.0,0.0
2026-04-21 22:27:46,-,-,-,-,-,-,-,-,-
2026-04-21 22:27:46,-,5.005306394104628,0.0,0.0,60,35.544187112048064,-30.0,0.0,0.0
2026-04-21 22:27:47,-,-,-,-,-,-,-,-,-
2026-04-21 22:27:47,-,5.005306394104628,0.0,0.0,60,30.160341947276436,-30.0,0.0,0.0
2026-04-21 22:27:47,-,-,-,-,-,-,-,-,-
2026-04-21 22:27:47,-,5.058730147851616,0.0,0.0,60,30.160341947276436,-30.0,0.0,0.0
2026-04-21 22:27:48,-,-,-,-,-,-,-,-,-
2026-04-21 22:27:48,-,5.058730147851616,0.0,0.0,60,20.027480746285562,-30.0,0.0,0.0
2026-04-21 22:27:48,-,-,-,-,-,-,-,-,-
2026-04-21 22:27:48,-,-,-,-,-,-,-,-,-
2026-04-21 22:27:48,-,5.0736920340665,0.0,0.0,60,20.027480746285562,-30.0,0.0,0.0
2026-04-21 22:27:49,-,-,-,-,-,-,-,-,-
2026-04-21 22:27:49,-,5.0736920340665,0.0,0.0,60,20.027480746285562,-30.0,0.0,0.0
2026-04-21 22:27:49,-,-,-,-,-,-,-,-,-
2026-04-21 22:27:49,-,4.967769204271112,0.0,0.0,60,15.315059144022314,-30.0,0.0,0.0
2026-04-21 22:27:50,-,-,-,-,-,-,-,-,-
2026-04-21 22:27:50,-,4.967769204271112,0.0,0.0,60,15.315059144022314,-30.0,0.0,0.0
2026-04-21 22:27:50,-,-,-,-,-,-,-,-,-
2026-04-21 22:27:50,-,5.123867965142143,0.0,0.0,60,10.943942285363278,-30.0,0.0,0.0
2026-04-21 22:27:51,-,-,-,-,-,-,-,-,-
2026-04-21 22:27:51,-,5.123867965142143,0.0,0.0,60,10.943942285363278,-30.0,0.0,0.0
2026-04-21 22:27:51,-,-,-,-,-,-,-,-,-
2026-04-21 22:27:51,-,5.034066150034771,0.0,0.0,60,6.928442496658818,-30.0,0.0,0.0
2026-04-21 22:27:52,-,-,-,-,-,-,-,-,-
2026-04-21 22:27:52,-,5.034066150034771,0.0,0.0,60,6.928442496658818,-30.0,0.0,0.0
2026-04-21 22:27:52,誤差過大重新規劃,-,-,-,-,-,-,-,-
2026-04-21 22:27:52,-,-,-,-,-,-,-,-,-
2026-04-21 22:27:52,-,4.924286997440045,0.0,0.0,60,3.153234812859125,-30.0,0.0,0.0
2026-04-21 22:27:53,路徑規劃完成,-,-,-,-,-,-,-,-
2026-04-21 22:27:53,-,-,-,-,-,-,-,-,-
2026-04-21 22:27:53,-,5.188929974731497,0.0,0.0,60,3.153234812859125,-30.0,0.0,0.0
2026-04-21 22:27:54,-,-,-,-,-,-,-,-,-
2026-04-21 22:27:54,-,5.188929974731497,0.0,0.0,60,3.153234812859125,-30.0,0.0,0.0
2026-04-21 22:27:54,-,-,-,-,-,-,-,-,-
2026-04-21 22:27:54,-,-,-,-,-,-,-,-,-
2026-04-21 22:27:54,-,4.951847357816566,0.0,0.0,60,56.880199259198776,-18.715703877951256,0.0,0.0
2026-04-21 22:27:55,-,-,-,-,-,-,-,-,-
2026-04-21 22:27:55,-,4.951847357816566,0.0,0.0,60,56.880199259198776,-18.715703877951256,0.0,0.0
2026-04-21 22:27:55,-,-,-,-,-,-,-,-,-
2026-04-21 22:27:55,-,5.109278185225897,0.0,0.0,60,51.739756780720995,-22.237113473777374,0.0,0.0
2026-04-21 22:27:56,-,-,-,-,-,-,-,-,-
2026-04-21 22:27:56,-,5.109278185225897,0.0,0.0,60,51.739756780720995,-22.237113473777374,0.0,0.0
2026-04-21 22:27:56,-,-,-,-,-,-,-,-,-
2026-04-21 22:27:56,-,5.071847829571491,0.0,0.0,60,46.512008063833775,-25.836566224294693,0.0,0.0
2026-04-21 22:27:57,-,-,-,-,-,-,-,-,-
2026-04-21 22:27:57,-,5.071847829571491,0.0,0.0,60,46.512008063833775,-25.836566224294693,0.0,0.0
2026-04-21 22:27:57,-,-,-,-,-,-,-,-,-
2026-04-21 22:27:57,-,4.987835933337058,0.0,0.0,60,41.076426590450524,-29.754706899932472,0.0,0.0
2026-04-21 22:27:58,-,-,-,-,-,-,-,-,-
2026-04-21 22:27:58,-,4.987835933337058,0.0,0.0,60,41.076426590450524,-29.754706899932472,0.0,0.0
2026-04-21 22:27:58,-,-,-,-,-,-,-,-,-
2026-04-21 22:27:58,-,4.899863902386239,0.0,0.0,60,41.076426590450524,-29.754706899932472,0.0,0.0
2026-04-21 22:27:58,-,-,-,-,-,-,-,-,-
2026-04-21 22:27:59,-,-,-,-,-,-,-,-,-
2026-04-21 22:27:59,-,4.899863902386239,0.0,0.0,60,35.54477365078856,-30.0,0.0,0.0
2026-04-21 22:27:59,-,-,-,-,-,-,-,-,-
2026-04-21 22:27:59,-,4.984021056881566,0.0,0.0,60,35.54477365078856,-30.0,0.0,0.0
2026-04-21 22:28:00,-,-,-,-,-,-,-,-,-
2026-04-21 22:28:00,-,4.984021056881566,0.0,0.0,60,30.160992893297305,-30.0,0.0,0.0
2026-04-21 22:28:00,-,-,-,-,-,-,-,-,-
2026-04-21 22:28:00,-,4.838008781504262,0.0,0.0,60,30.160992893297305,-30.0,0.0,0.0
2026-04-21 22:28:01,-,-,-,-,-,-,-,-,-
2026-04-21 22:28:01,-,4.838008781504262,0.0,0.0,60,24.941833869977927,-30.0,0.0,0.0
2026-04-21 22:28:01,-,-,-,-,-,-,-,-,-
2026-04-21 22:28:01,-,4.857383627637883,0.0,0.0,60,24.941833869977927,-30.0,0.0,0.0
2026-04-21 22:28:02,-,-,-,-,-,-,-,-,-
2026-04-21 22:28:02,-,4.857383627637883,0.0,0.0,60,20.028251902036573,-30.0,0.0,0.0
2026-04-21 22:28:02,-,-,-,-,-,-,-,-,-
2026-04-21 22:28:02,-,4.8926782120058006,0.0,0.0,60,20.028251902036573,-30.0,0.0,0.0
2026-04-21 22:28:03,-,-,-,-,-,-,-,-,-
2026-04-21 22:28:03,-,4.8926782120058006,0.0,0.0,60,15.31588113296641,-30.0,0.0,0.0
2026-04-21 22:28:03,-,-,-,-,-,-,-,-,-
2026-04-21 22:28:03,-,5.146760929390608,0.0,0.0,60,15.31588113296641,-30.0,0.0,0.0
2026-04-21 22:28:04,-,-,-,-,-,-,-,-,-
2026-04-21 22:28:04,-,-,-,-,-,-,-,-,-
2026-04-21 22:28:04,-,5.146760929390608,0.0,0.0,60,10.94480953445833,-30.0,0.0,0.0
2026-04-21 22:28:04,-,-,-,-,-,-,-,-,-
2026-04-21 22:28:04,-,5.132118981700718,0.0,0.0,60,10.94480953445833,-30.0,0.0,0.0
2026-04-21 22:28:05,-,-,-,-,-,-,-,-,-
2026-04-21 22:28:05,-,5.132118981700718,0.0,0.0,60,6.929346715400527,-30.0,0.0,0.0
2026-04-21 22:28:05,-,-,-,-,-,-,-,-,-
2026-04-21 22:28:05,-,4.951262994118752,0.0,0.0,60,6.929346715400527,-30.0,0.0,0.0
2026-04-21 22:28:06,-,-,-,-,-,-,-,-,-
2026-04-21 22:28:06,-,4.951262994118752,0.0,0.0,60,3.15417926657841,-30.0,0.0,0.0
2026-04-21 22:28:06,誤差過大重新規劃,-,-,-,-,-,-,-,-
2026-04-21 22:28:06,-,-,-,-,-,-,-,-,-
2026-04-21 22:28:06,-,5.007759098759581,0.0,0.0,60,3.15417926657841,-30.0,0.0,0.0
2026-04-21 22:28:07,路徑規劃完成,-,-,-,-,-,-,-,-
2026-04-21 22:28:07,-,-,-,-,-,-,-,-,-
2026-04-21 22:28:07,-,5.117804988706446,0.0,0.0,60,3.15417926657841,-30.0,0.0,0.0
2026-04-21 22:28:08,-,-,-,-,-,-,-,-,-
2026-04-21 22:28:08,-,5.117804988706446,0.0,0.0,60,56.88000848366096,-20.372467491613936,0.0,0.0
2026-04-21 22:28:08,-,-,-,-,-,-,-,-,-
2026-04-21 22:28:08,-,5.077466730660684,0.0,0.0,60,56.88000848366096,-20.372467491613936,0.0,0.0
2026-04-21 22:28:09,-,-,-,-,-,-,-,-,-
2026-04-21 22:28:09,-,5.077466730660684,0.0,0.0,60,56.88000848366096,-20.372467491613936,0.0,0.0
2026-04-21 22:28:09,-,-,-,-,-,-,-,-,-
2026-04-21 22:28:09,-,4.960109400413083,0.0,0.0,60,51.73911631906543,-23.90591920176746,0.0,0.0
2026-04-21 22:28:10,-,-,-,-,-,-,-,-,-
2026-04-21 22:28:10,-,4.960109400413083,0.0,0.0,60,51.73911631906543,-23.90591920176746,0.0,0.0
2026-04-21 22:28:10,-,-,-,-,-,-,-,-,-
2026-04-21 22:28:10,-,4.833515937842583,0.0,0.0,60,41.07482189129274,-30.0,0.0,0.0
2026-04-21 22:28:10,-,-,-,-,-,-,-,-,-
2026-04-21 22:28:11,-,-,-,-,-,-,-,-,-
2026-04-21 22:28:11,-,4.833515937842583,0.0,0.0,60,41.07482189129274,-30.0,0.0,0.0
2026-04-21 22:28:11,-,-,-,-,-,-,-,-,-
2026-04-21 22:28:11,-,5.033780153407001,0.0,0.0,60,41.07482189129274,-30.0,0.0,0.0
2026-04-21 22:28:12,-,-,-,-,-,-,-,-,-
2026-04-21 22:28:12,-,5.033780153407001,0.0,0.0,60,35.54264922993252,-30.0,0.0,0.0
2026-04-21 22:28:12,-,-,-,-,-,-,-,-,-
2026-04-21 22:28:12,-,4.951117871531477,0.0,0.0,60,35.54264922993252,-30.0,0.0,0.0
2026-04-21 22:28:13,-,-,-,-,-,-,-,-,-
2026-04-21 22:28:13,-,4.951117871531477,0.0,0.0,60,30.15835705358296,-30.0,0.0,0.0
2026-04-21 22:28:13,-,-,-,-,-,-,-,-,-
2026-04-21 22:28:13,-,4.959189137330078,0.0,0.0,60,30.15835705358296,-30.0,0.0,0.0
2026-04-21 22:28:14,-,-,-,-,-,-,-,-,-
2026-04-21 22:28:14,-,4.959189137330078,0.0,0.0,60,30.15835705358296,-30.0,0.0,0.0
2026-04-21 22:28:14,-,-,-,-,-,-,-,-,-
2026-04-21 22:28:14,-,5.060585587884192,0.0,0.0,60,24.938696340375486,-30.0,0.0,0.0
2026-04-21 22:28:15,-,-,-,-,-,-,-,-,-
2026-04-21 22:28:15,-,5.060585587884192,0.0,0.0,60,24.938696340375486,-30.0,0.0,0.0
2026-04-21 22:28:15,-,-,-,-,-,-,-,-,-
2026-04-21 22:28:15,-,4.955303449373405,0.0,0.0,60,15.311814634655661,-30.0,0.0,0.0
2026-04-21 22:28:16,-,-,-,-,-,-,-,-,-
2026-04-21 22:28:16,-,4.955303449373405,0.0,0.0,60,15.311814634655661,-30.0,0.0,0.0
2026-04-21 22:28:16,-,-,-,-,-,-,-,-,-
2026-04-21 22:28:16,-,4.957503390224558,0.0,0.0,60,15.311814634655661,-30.0,0.0,0.0
2026-04-21 22:28:16,-,-,-,-,-,-,-,-,-
2026-04-21 22:28:17,-,-,-,-,-,-,-,-,-
2026-04-21 22:28:17,-,4.957503390224558,0.0,0.0,60,10.94032661238947,-30.0,0.0,0.0
2026-04-21 22:28:17,-,-,-,-,-,-,-,-,-
2026-04-21 22:28:17,-,5.122351828273865,0.0,0.0,60,10.94032661238947,-30.0,0.0,0.0
2026-04-21 22:28:18,-,-,-,-,-,-,-,-,-
2026-04-21 22:28:18,-,5.122351828273865,0.0,0.0,60,6.924488209471463,-30.0,0.0,0.0
2026-04-21 22:28:18,-,-,-,-,-,-,-,-,-
2026-04-21 22:28:18,-,5.117298480662837,0.0,0.0,60,6.924488209471463,-30.0,0.0,0.0
2026-04-21 22:28:19,誤差過大重新規劃,-,-,-,-,-,-,-,-
2026-04-21 22:28:19,-,-,-,-,-,-,-,-,-
2026-04-21 22:28:19,-,5.117298480662837,0.0,0.0,60,3.1489672296808635,-30.0,0.0,0.0
2026-04-21 22:28:19,路徑規劃完成,-,-,-,-,-,-,-,-
2026-04-21 22:28:20,-,-,-,-,-,-,-,-,-
2026-04-21 22:28:20,-,4.915573903614866,0.0,0.0,60,3.1489672296808635,-30.0,0.0,0.0
2026-04-21 22:28:20,-,-,-,-,-,-,-,-,-
2026-04-21 22:28:20,-,4.861988077148405,0.0,0.0,60,3.1489672296808635,-30.0,0.0,0.0
2026-04-21 22:28:21,-,-,-,-,-,-,-,-,-
2026-04-21 22:28:21,-,4.861988077148405,0.0,0.0,60,56.87878179659856,-20.925239722731156,0.0,0.0
2026-04-21 22:28:21,-,-,-,-,-,-,-,-,-
2026-04-21 22:28:21,-,4.900911750353177,0.0,0.0,60,56.87878179659856,-20.925239722731156,0.0,0.0
2026-04-21 22:28:22,-,-,-,-,-,-,-,-,-
2026-04-21 22:28:22,-,4.900911750353177,0.0,0.0,60,56.87878179659856,-20.925239722731156,0.0,0.0
2026-04-21 22:28:22,-,-,-,-,-,-,-,-,-
2026-04-21 22:28:22,-,-,-,-,-,-,-,-,-
2026-04-21 22:28:22,-,4.834982831713445,0.0,0.0,60,51.73633697185596,-24.483256889707484,0.0,0.0
2026-04-21 22:28:23,-,-,-,-,-,-,-,-,-
2026-04-21 22:28:23,-,4.834982831713445,0.0,0.0,60,51.73633697185596,-24.483256889707484,0.0,0.0
2026-04-21 22:28:23,-,-,-,-,-,-,-,-,-
2026-04-21 22:28:23,-,4.827051366666621,0.0,0.0,60,51.73633697185596,-24.483256889707484,0.0,0.0
2026-04-21 22:28:24,-,-,-,-,-,-,-,-,-
2026-04-21 22:28:24,-,4.827051366666621,0.0,0.0,60,41.068722800136015,-30.0,0.0,0.0
2026-04-21 22:28:24,-,-,-,-,-,-,-,-,-
2026-04-21 22:28:24,-,4.995124515660885,0.0,0.0,60,41.068722800136015,-30.0,0.0,0.0
2026-04-21 22:28:25,-,-,-,-,-,-,-,-,-
2026-04-21 22:28:25,-,4.995124515660885,0.0,0.0,60,41.068722800136015,-30.0,0.0,0.0
2026-04-21 22:28:25,-,-,-,-,-,-,-,-,-
2026-04-21 22:28:25,-,5.12067137929984,0.0,0.0,60,35.65351379295487,-30.0,0.0,0.0
2026-04-21 22:28:26,-,-,-,-,-,-,-,-,-
2026-04-21 22:28:26,-,5.12067137929984,0.0,0.0,60,35.65351379295487,-30.0,0.0,0.0
2026-04-21 22:28:26,-,-,-,-,-,-,-,-,-
2026-04-21 22:28:26,-,4.8545910394385405,0.0,0.0,60,30.2693343124198,-30.0,0.0,0.0
2026-04-21 22:28:27,-,-,-,-,-,-,-,-,-
2026-04-21 22:28:27,-,4.8545910394385405,0.0,0.0,60,30.2693343124198,-30.0,0.0,0.0
2026-04-21 22:28:27,-,-,-,-,-,-,-,-,-
2026-04-21 22:28:27,-,4.97841069912536,0.0,0.0,60,30.2693343124198,-30.0,0.0,0.0
2026-04-21 22:28:28,-,-,-,-,-,-,-,-,-
2026-04-21 22:28:28,-,4.97841069912536,0.0,0.0,60,20.01173562092862,-30.0,0.0,0.0
2026-04-21 22:28:28,-,-,-,-,-,-,-,-,-
2026-04-21 22:28:28,-,-,-,-,-,-,-,-,-
2026-04-21 22:28:28,-,5.0678306136889395,0.0,0.0,60,20.01173562092862,-30.0,0.0,0.0
2026-04-21 22:28:29,-,-,-,-,-,-,-,-,-
2026-04-21 22:28:29,-,5.0678306136889395,0.0,0.0,60,20.01173562092862,-30.0,0.0,0.0
2026-04-21 22:28:29,-,-,-,-,-,-,-,-,-
2026-04-21 22:28:29,-,5.001607658229696,0.0,0.0,60,15.297386481407955,-30.0,0.0,0.0
2026-04-21 22:28:30,-,-,-,-,-,-,-,-,-
2026-04-21 22:28:30,-,5.001607658229696,0.0,0.0,60,15.297386481407955,-30.0,0.0,0.0
2026-04-21 22:28:30,-,-,-,-,-,-,-,-,-
2026-04-21 22:28:30,-,4.958964420034834,0.0,0.0,60,15.297386481407955,-30.0,0.0,0.0
2026-04-21 22:28:31,-,-,-,-,-,-,-,-,-
2026-04-21 22:28:31,-,4.958964420034834,0.0,0.0,60,6.907395959385667,-30.0,0.0,0.0
2026-04-21 22:28:31,-,-,-,-,-,-,-,-,-
2026-04-21 22:28:31,-,4.859973667556979,0.0,0.0,60,6.907395959385667,-30.0,0.0,0.0
2026-04-21 22:28:32,誤差過大重新規劃,-,-,-,-,-,-,-,-
2026-04-21 22:28:32,-,-,-,-,-,-,-,-,-
2026-04-21 22:28:32,-,4.859973667556979,0.0,0.0,60,3.2567054952105536,-30.0,0.0,0.0
2026-04-21 22:28:32,路徑規劃完成,-,-,-,-,-,-,-,-
2026-04-21 22:28:33,-,-,-,-,-,-,-,-,-
2026-04-21 22:28:33,-,4.85943478813734,0.0,0.0,60,3.2567054952105536,-30.0,0.0,0.0
2026-04-21 22:28:33,-,-,-,-,-,-,-,-,-
2026-04-21 22:28:33,-,4.923485983646442,0.0,0.0,60,3.2567054952105536,-30.0,0.0,0.0
2026-04-21 22:28:34,-,-,-,-,-,-,-,-,-
2026-04-21 22:28:34,-,-,-,-,-,-,-,-,-
2026-04-21 22:28:34,-,4.923485983646442,0.0,0.0,60,56.87953248198784,-21.513636290699715,0.0,0.0
2026-04-21 22:28:34,-,-,-,-,-,-,-,-,-
2026-04-21 22:28:34,-,4.8925729996545515,0.0,0.0,60,56.87953248198784,-21.513636290699715,0.0,0.0
2026-04-21 22:28:35,-,-,-,-,-,-,-,-,-
2026-04-21 22:28:35,-,4.8925729996545515,0.0,0.0,60,56.87953248198784,-21.513636290699715,0.0,0.0
2026-04-21 22:28:35,-,-,-,-,-,-,-,-,-
2026-04-21 22:28:35,-,4.905646118711662,0.0,0.0,60,51.73764096127286,-25.065832027226573,0.0,0.0
2026-04-21 22:28:36,-,-,-,-,-,-,-,-,-
2026-04-21 22:28:36,-,4.905646118711662,0.0,0.0,60,51.73764096127286,-25.065832027226573,0.0,0.0
2026-04-21 22:28:36,-,-,-,-,-,-,-,-,-
2026-04-21 22:28:36,-,4.986849983848635,0.0,0.0,60,46.50838612643116,-28.733460098391816,0.0,0.0
2026-04-21 22:28:37,-,-,-,-,-,-,-,-,-
2026-04-21 22:28:37,-,4.986849983848635,0.0,0.0,60,46.50838612643116,-28.733460098391816,0.0,0.0
2026-04-21 22:28:37,-,-,-,-,-,-,-,-,-
2026-04-21 22:28:37,-,5.18757866623403,0.0,0.0,60,46.50838612643116,-28.733460098391816,0.0,0.0
2026-04-21 22:28:38,-,-,-,-,-,-,-,-,-
2026-04-21 22:28:38,-,5.18757866623403,0.0,0.0,60,35.53787649834828,-30.0,0.0,0.0
2026-04-21 22:28:38,-,-,-,-,-,-,-,-,-
2026-04-21 22:28:38,-,5.12278537108378,0.0,0.0,60,35.53787649834828,-30.0,0.0,0.0
2026-04-21 22:28:39,-,-,-,-,-,-,-,-,-
2026-04-21 22:28:39,-,-,-,-,-,-,-,-,-
2026-04-21 22:28:39,-,5.12278537108378,0.0,0.0,60,30.27301762172476,-30.0,0.0,0.0
2026-04-21 22:28:39,-,-,-,-,-,-,-,-,-
2026-04-21 22:28:39,-,4.891350028751986,0.0,0.0,60,30.27301762172476,-30.0,0.0,0.0
2026-04-21 22:28:40,-,-,-,-,-,-,-,-,-
2026-04-21 22:28:40,-,4.891350028751986,0.0,0.0,60,30.27301762172476,-30.0,0.0,0.0
2026-04-21 22:28:40,-,-,-,-,-,-,-,-,-
2026-04-21 22:28:40,-,4.938636033923367,0.0,0.0,60,24.931672743414083,-30.0,0.0,0.0
2026-04-21 22:28:41,-,-,-,-,-,-,-,-,-
2026-04-21 22:28:41,-,4.938636033923367,0.0,0.0,60,24.931672743414083,-30.0,0.0,0.0
2026-04-21 22:28:41,-,-,-,-,-,-,-,-,-
2026-04-21 22:28:41,-,4.898264682762628,0.0,0.0,60,20.016563897774176,-30.0,0.0,0.0
2026-04-21 22:28:42,-,-,-,-,-,-,-,-,-
2026-04-21 22:28:42,-,4.898264682762628,0.0,0.0,60,20.016563897774176,-30.0,0.0,0.0
2026-04-21 22:28:42,-,-,-,-,-,-,-,-,-
2026-04-21 22:28:42,-,4.94194597546061,0.0,0.0,60,10.930320767506942,-30.0,0.0,0.0
2026-04-21 22:28:43,-,-,-,-,-,-,-,-,-
2026-04-21 22:28:43,-,4.94194597546061,0.0,0.0,60,10.930320767506942,-30.0,0.0,0.0
2026-04-21 22:28:43,-,-,-,-,-,-,-,-,-
2026-04-21 22:28:43,-,4.876270258190629,0.0,0.0,60,10.930320767506942,-30.0,0.0,0.0
2026-04-21 22:28:44,-,-,-,-,-,-,-,-,-
2026-04-21 22:28:44,-,4.876270258190629,0.0,0.0,60,6.913644410672191,-30.0,0.0,0.0
2026-04-21 22:28:44,-,-,-,-,-,-,-,-,-
2026-04-21 22:28:44,-,5.086423239485572,0.0,0.0,60,6.913644410672191,-30.0,0.0,0.0
2026-04-21 22:28:45,-,-,-,-,-,-,-,-,-
2026-04-21 22:28:45,-,5.086423239485572,0.0,0.0,60,6.913644410672191,-30.0,0.0,0.0
2026-04-21 22:28:45,誤差過大重新規劃,-,-,-,-,-,-,-,-
2026-04-21 22:28:45,-,-,-,-,-,-,-,-,-
2026-04-21 22:28:45,-,5.065291119012016,0.0,0.0,60,3.137350629281741,-30.0,0.0,0.0
2026-04-21 22:28:46,路徑規劃完成,-,-,-,-,-,-,-,-
2026-04-21 22:28:46,-,-,-,-,-,-,-,-,-
2026-04-21 22:28:46,-,-,-,-,-,-,-,-,-
2026-04-21 22:28:46,-,4.870423334233417,0.0,0.0,60,3.137350629281741,-30.0,0.0,0.0
2026-04-21 22:28:47,-,-,-,-,-,-,-,-,-
2026-04-21 22:28:47,-,4.870423334233417,0.0,0.0,60,3.137350629281741,-30.0,0.0,0.0
2026-04-21 22:28:47,-,-,-,-,-,-,-,-,-
2026-04-21 22:28:47,-,4.809121521692804,0.0,0.0,60,3.137350629281741,-30.0,0.0,0.0
2026-04-21 22:28:48,-,-,-,-,-,-,-,-,-
2026-04-21 22:28:48,-,4.809121521692804,0.0,0.0,60,56.879049230864155,-22.644731619379268,0.0,0.0
2026-04-21 22:28:48,-,-,-,-,-,-,-,-,-
2026-04-21 22:28:48,-,4.963436795739706,0.0,0.0,60,56.879049230864155,-22.644731619379268,0.0,0.0
2026-04-21 22:28:49,-,-,-,-,-,-,-,-,-
2026-04-21 22:28:49,-,4.963436795739706,0.0,0.0,60,51.73637605569161,-26.302457859621438,0.0,0.0
2026-04-21 22:28:49,-,-,-,-,-,-,-,-,-
2026-04-21 22:28:49,-,4.965251342290345,0.0,0.0,60,51.73637605569161,-26.302457859621438,0.0,0.0
2026-04-21 22:28:50,-,-,-,-,-,-,-,-,-
2026-04-21 22:28:50,-,4.965251342290345,0.0,0.0,60,51.73637605569161,-26.302457859621438,0.0,0.0
2026-04-21 22:28:50,-,-,-,-,-,-,-,-,-
2026-04-21 22:28:50,-,-,-,-,-,-,-,-,-
2026-04-21 22:28:50,-,4.949521967075072,0.0,0.0,60,46.50630807179414,-29.974253522438538,0.0,0.0
2026-04-21 22:28:51,-,-,-,-,-,-,-,-,-
2026-04-21 22:28:51,-,4.949521967075072,0.0,0.0,60,46.50630807179414,-29.974253522438538,0.0,0.0
2026-04-21 22:28:51,-,-,-,-,-,-,-,-,-
2026-04-21 22:28:51,-,5.068676158533096,0.0,0.0,60,46.50630807179414,-29.974253522438538,0.0,0.0
2026-04-21 22:28:52,-,-,-,-,-,-,-,-,-
2026-04-21 22:28:52,-,5.068676158533096,0.0,0.0,60,35.65277893303619,-30.0,0.0,0.0
2026-04-21 22:28:52,-,-,-,-,-,-,-,-,-
2026-04-21 22:28:52,-,5.04230642356076,0.0,0.0,60,35.65277893303619,-30.0,0.0,0.0
2026-04-21 22:28:53,-,-,-,-,-,-,-,-,-
2026-04-21 22:28:53,-,5.04230642356076,0.0,0.0,60,35.65277893303619,-30.0,0.0,0.0
2026-04-21 22:28:53,-,-,-,-,-,-,-,-,-
2026-04-21 22:28:53,-,4.952010378725537,0.0,0.0,60,30.26832075196097,-30.0,0.0,0.0
2026-04-21 22:28:54,-,-,-,-,-,-,-,-,-
2026-04-21 22:28:54,-,4.952010378725537,0.0,0.0,60,30.26832075196097,-30.0,0.0,0.0
2026-04-21 22:28:54,-,-,-,-,-,-,-,-,-
2026-04-21 22:28:54,-,5.0277250716557305,0.0,0.0,60,25.048299951347474,-30.0,0.0,0.0
